NO_Residents,EV_Type,Arrival,Depart,EV_demand,EV_Power,EV_Distance,EV_soc_low,EV_soc_up,EV_soc_arr,SL_loads,SL_cycle,SL_low,SL_up,TCL_R,TCL_C,TCL_COP,TCL_MAX,TCL_Beta,TCL_temp_low,TCL_temp_up
4,Truck,22,8,17.5,7,11.411,17.5,66.5,52.5,19.434825,3,3,7,18.59,2.1,4.67,0.91,0.975,21,26
3,SUV,18,8,13.5,11,13.552,13.5,51.3,40.5,0.685125,2,4,7,35.84,1.86,4.79,1.13,0.985,22,24
4,Sedan,18,11,6.0,7,11.082,6.0,22.8,18.0,18.696825,2,10,17,49.76,3.16,4.76,0.94,0.994,21,24
2,Small,21,6,4.0,7,7.799,4.0,15.2,12.0,0.685125,2,21,23,23.09,0.64,4.74,1.0,0.935,22,24
2,Small,20,9,4.0,11,9.321,4.0,15.2,12.0,5.4774,1,8,19,49.12,1.34,4.67,1.14,0.985,23,27
1,Sedan,17,10,6.0,11,5.894,6.0,22.8,18.0,19.434825,1,9,16,8.85,0.83,4.66,1.05,0.873,20,24
2,SUV,19,9,13.5,7,9.535,13.5,51.3,40.5,19.434825,3,19,23,41.08,2.8,4.76,1.19,0.991,23,28
3,Small,16,8,4.0,3,10.366,4.0,15.2,12.0,18.696825,3,7,15,20.42,0.76,4.79,0.93,0.938,21,25
2,SUV,20,10,13.5,7,8.309,13.5,51.3,40.5,18.696825,1,20,23,45.39,2.13,4.76,0.93,0.99,21,24
5,Truck,20,8,17.5,11,9.995,17.5,66.5,52.5,13.009950000000002,1,20,23,19.49,0.9,4.73,1.0,0.945,21,24
2,Small,20,7,4.0,11,7.043,4.0,15.2,12.0,18.696825,3,6,19,21.56,0.63,4.71,1.11,0.929,19,24
5,Small,20,8,4.0,7,7.887,4.0,15.2,12.0,5.4774,3,7,19,10.22,2.14,4.67,1.2,0.955,22,25
1,Sedan,21,7,6.0,7,10.731,6.0,22.8,18.0,13.009950000000002,3,5,8,49.33,2.94,4.64,1.15,0.993,19,22
3,SUV,17,9,13.5,3,13.955,13.5,51.3,40.5,1.33605,2,8,16,22.33,3.37,4.61,1.17,0.987,19,22
4,Sedan,17,11,6.0,11,7.463,6.0,22.8,18.0,3.42945,1,10,16,27.7,1.91,4.68,1.01,0.981,20,23
3,Truck,19,9,17.5,7,8.531,17.5,66.5,52.5,13.009950000000002,3,8,18,49.96,2.08,4.69,1.16,0.99,21,25
5,Small,20,10,4.0,11,8.873,4.0,15.2,12.0,18.696825,3,20,23,43.0,1.09,4.71,1.14,0.979,23,27
4,SUV,17,10,13.5,7,10.49,13.5,51.3,40.5,19.434825,2,9,16,8.86,1.37,4.65,1.08,0.921,23,27
2,Sedan,16,10,6.0,3,6.839,6.0,22.8,18.0,13.009950000000002,2,9,15,38.02,1.21,4.61,1.05,0.978,19,24
4,Sedan,18,7,6.0,11,8.462,6.0,22.8,18.0,18.696825,3,18,23,36.31,2.37,4.73,1.08,0.988,22,24
5,Small,18,10,4.0,11,5.201,4.0,15.2,12.0,1.33605,1,18,23,9.53,2.21,4.62,1.23,0.954,19,24
2,SUV,19,7,13.5,11,14.952,13.5,51.3,40.5,19.434825,3,19,23,31.28,0.51,4.68,1.07,0.939,22,24
4,Truck,17,6,17.5,11,7.628,17.5,66.5,52.5,0.685125,1,17,23,8.25,1.28,4.69,1.16,0.91,22,25
4,Sedan,16,7,6.0,7,13.745,6.0,22.8,18.0,13.009950000000002,3,16,23,6.97,3.23,4.74,1.02,0.957,19,24
4,SUV,20,7,13.5,7,9.735,13.5,51.3,40.5,3.42945,2,6,19,34.67,1.85,4.78,0.98,0.985,22,27
2,Truck,18,8,17.5,11,9.633,17.5,66.5,52.5,13.009950000000002,2,18,23,12.95,3.35,4.72,1.22,0.977,21,23
2,Sedan,20,8,6.0,3,3.738,6.0,22.8,18.0,18.696825,3,20,23,36.57,2.94,4.64,0.91,0.991,22,26
4,Truck,21,8,17.5,7,11.755,17.5,66.5,52.5,5.4774,3,7,20,12.65,1.46,4.7,1.09,0.947,22,26
2,SUV,19,9,13.5,3,12.835,13.5,51.3,40.5,1.33605,3,8,18,25.02,0.71,4.73,0.93,0.945,23,26
5,SUV,18,9,13.5,11,8.222,13.5,51.3,40.5,19.434825,3,8,17,18.61,2.99,4.79,1.23,0.982,21,24
3,Sedan,17,7,6.0,11,2.529,6.0,22.8,18.0,18.696825,1,1,6,27.45,2.65,4.69,1.19,0.986,22,27
5,Small,17,6,4.0,11,7.036,4.0,15.2,12.0,5.4774,2,5,7,17.0,1.06,4.7,1.19,0.946,22,27
3,Small,17,8,4.0,7,7.287,4.0,15.2,12.0,2.426175,1,17,23,40.72,2.67,4.78,1.1,0.991,20,22
3,SUV,20,8,13.5,7,9.51,13.5,51.3,40.5,0.685125,1,7,19,12.5,0.66,4.78,1.03,0.886,20,22
5,SUV,16,8,13.5,11,5.245,13.5,51.3,40.5,0.685125,2,4,7,25.31,2.89,4.69,1.24,0.986,23,28
1,Small,16,8,4.0,7,10.812,4.0,15.2,12.0,0.685125,1,6,7,39.54,1.7,4.78,1.24,0.985,22,25
1,Small,21,6,4.0,7,11.227,4.0,15.2,12.0,19.434825,1,5,20,45.99,1.61,4.76,1.11,0.987,20,25
4,SUV,22,7,13.5,7,10.714,13.5,51.3,40.5,5.4774,2,5,7,45.13,2.18,4.71,1.04,0.99,20,25
5,Truck,18,11,17.5,3,12.195,17.5,66.5,52.5,5.4774,2,2,10,32.46,2.1,4.8,1.0,0.985,20,25
4,Small,21,9,4.0,7,10.239,4.0,15.2,12.0,3.42945,1,8,20,27.39,2.1,4.79,1.16,0.983,19,24
5,Sedan,19,8,6.0,3,14.006,6.0,22.8,18.0,18.696825,3,5,8,22.23,0.56,4.71,0.94,0.923,22,24
4,Small,21,6,5.0,7,12.445,4.0,15.2,11.0,19.434825,3,1,5,33.03,2.44,4.72,1.19,0.988,22,27
3,Sedan,19,9,7.0,7,16.483,6.0,22.8,17.0,2.426175,3,4,8,24.85,2.54,4.69,1.05,0.984,20,22
3,Sedan,21,7,6.0,7,10.916,6.0,22.8,18.0,18.696825,1,21,23,26.6,3.36,4.63,1.2,0.989,23,27
2,Small,19,6,5.0,3,12.502,4.0,15.2,11.0,3.42945,1,5,18,29.45,2.74,4.64,1.24,0.988,20,25
2,SUV,19,8,13.5,3,14.919,13.5,51.3,40.5,5.4774,2,7,9,32.39,2.86,4.74,1.25,0.989,21,25
2,SUV,20,9,13.5,3,11.077,13.5,51.3,40.5,2.426175,2,8,19,8.01,1.31,4.67,0.92,0.909,19,22
4,Sedan,19,10,6.0,11,11.427,6.0,22.8,18.0,13.009950000000002,1,8,9,18.49,2.69,4.72,0.92,0.98,23,28
2,Sedan,16,9,7.0,11,15.477,6.0,22.8,17.0,18.696825,3,8,15,24.62,2.7,4.75,0.95,0.985,21,23
2,SUV,20,7,13.5,11,7.953,13.5,51.3,40.5,18.696825,3,6,19,45.83,2.67,4.66,0.97,0.992,20,24
3,Sedan,19,8,6.0,11,10.491,6.0,22.8,18.0,2.426175,1,1,7,20.49,1.16,4.7,1.08,0.959,19,21
5,Small,20,8,5.0,11,11.981,4.0,15.2,11.0,1.33605,3,2,7,12.35,1.73,4.78,1.15,0.954,19,21
5,Small,17,8,4.0,11,4.687,4.0,15.2,12.0,5.4774,2,17,23,19.64,0.91,4.78,1.16,0.946,22,26
4,Sedan,19,8,6.0,3,14.347,6.0,22.8,18.0,0.685125,3,7,18,45.33,3.32,4.62,0.93,0.993,22,27
4,Sedan,20,10,6.0,3,9.334,6.0,22.8,18.0,2.426175,3,9,19,25.61,1.93,4.75,1.07,0.98,21,23
5,Small,16,9,4.0,7,8.31,4.0,15.2,12.0,2.426175,3,16,23,38.83,2.18,4.78,0.98,0.988,22,25
4,Sedan,17,9,6.0,3,12.7,6.0,22.8,18.0,1.33605,1,7,8,24.33,1.18,4.61,0.98,0.966,23,25
5,Sedan,17,8,6.0,11,3.619,6.0,22.8,18.0,19.434825,1,5,7,14.8,1.78,4.76,1.17,0.963,19,22
2,SUV,20,7,13.5,3,11.864,13.5,51.3,40.5,0.685125,2,20,23,38.49,2.01,4.71,1.19,0.987,22,26
5,SUV,17,9,13.5,3,9.988,13.5,51.3,40.5,2.426175,1,17,23,46.04,1.57,4.79,1.25,0.986,20,25
2,SUV,18,8,13.5,11,6.908,13.5,51.3,40.5,13.009950000000002,2,6,8,25.37,2.55,4.65,1.08,0.985,23,25
2,SUV,16,9,13.5,7,9.506,13.5,51.3,40.5,1.33605,2,8,15,11.28,0.79,4.72,0.96,0.894,19,22
4,Truck,17,7,17.5,11,5.369,17.5,66.5,52.5,3.42945,3,4,7,28.45,3.19,4.74,1.04,0.989,21,26
5,Sedan,18,8,6.0,11,9.26,6.0,22.8,18.0,1.33605,3,18,23,48.5,3.5,4.67,0.95,0.994,23,27
1,SUV,17,8,13.5,3,7.654,13.5,51.3,40.5,18.696825,1,7,8,44.05,3.34,4.74,1.16,0.993,20,24
1,SUV,19,9,13.5,11,8.233,13.5,51.3,40.5,13.009950000000002,1,7,8,45.64,3.52,4.7,1.15,0.994,23,28
5,SUV,20,8,13.5,3,10.657,13.5,51.3,40.5,3.42945,1,7,19,40.67,1.15,4.77,1.07,0.979,23,27
1,SUV,18,8,13.5,7,12.702,13.5,51.3,40.5,1.33605,3,3,7,8.55,2.19,4.77,0.99,0.948,20,23
3,Sedan,18,8,6.0,3,15.025,6.0,22.8,18.0,18.696825,1,3,7,9.44,0.91,4.69,1.03,0.89,22,26
4,Small,20,6,5.0,3,12.407,4.0,15.2,11.0,19.434825,1,4,5,37.05,3.01,4.69,1.09,0.991,22,27
3,Sedan,21,7,6.0,11,11.419,6.0,22.8,18.0,2.426175,1,21,23,27.68,1.7,4.72,1.15,0.979,23,25
1,SUV,18,7,13.5,11,14.912,13.5,51.3,40.5,1.33605,3,6,17,28.62,1.18,4.65,1.18,0.971,20,25
2,SUV,18,7,13.5,11,11.615,13.5,51.3,40.5,3.42945,3,18,23,44.95,0.62,4.61,1.0,0.965,22,27
4,Sedan,19,10,6.0,3,7.242,6.0,22.8,18.0,19.434825,1,9,18,31.72,2.83,4.61,0.93,0.989,20,24
4,Sedan,18,8,6.0,7,8.911,6.0,22.8,18.0,1.33605,1,18,23,14.1,0.61,4.67,1.08,0.89,21,23
3,Small,18,8,5.0,3,14.254,4.0,15.2,11.0,1.33605,3,7,10,25.9,1.94,4.62,1.01,0.98,19,23
5,Truck,20,8,17.5,3,3.176,17.5,66.5,52.5,3.42945,1,20,23,46.52,2.15,4.72,1.19,0.99,21,25
1,SUV,18,8,13.5,3,9.199,13.5,51.3,40.5,13.009950000000002,1,18,23,48.43,1.49,4.61,1.21,0.986,19,22
4,SUV,19,8,13.5,11,12.633,13.5,51.3,40.5,1.33605,1,7,18,36.15,3.27,4.61,1.24,0.992,19,22
5,Small,16,6,4.0,11,8.889,4.0,15.2,12.0,1.33605,2,16,23,7.45,1.64,4.67,1.17,0.921,19,21
2,Sedan,19,10,6.0,11,9.528,6.0,22.8,18.0,1.33605,3,19,23,31.62,3.53,4.77,1.13,0.991,19,24
3,SUV,18,10,13.5,11,11.919,13.5,51.3,40.5,3.42945,3,9,17,39.42,1.55,4.7,0.91,0.984,22,27
3,SUV,19,8,13.5,11,4.993,13.5,51.3,40.5,13.009950000000002,2,7,18,48.09,1.71,4.64,1.03,0.988,22,26
4,Small,20,9,4.0,7,5.719,4.0,15.2,12.0,1.33605,1,8,19,31.67,1.17,4.67,0.96,0.973,20,25
5,Small,18,9,4.0,7,10.732,4.0,15.2,12.0,0.685125,3,18,23,33.99,1.7,4.73,1.22,0.983,19,23
5,SUV,18,6,13.5,3,9.979,13.5,51.3,40.5,2.426175,3,5,17,18.01,2.26,4.62,0.95,0.976,20,23
4,Small,17,6,4.0,11,6.678,4.0,15.2,12.0,1.33605,3,2,5,14.66,1.33,4.74,1.02,0.95,23,26
1,Small,16,7,4.0,7,10.759,4.0,15.2,12.0,13.009950000000002,1,6,15,34.72,2.87,4.66,1.06,0.99,21,26
3,Sedan,18,9,8.0,7,18.957,6.0,22.8,16.0,5.4774,1,8,17,10.68,0.91,4.73,0.93,0.902,23,26
1,Sedan,20,10,6.0,7,8.035,6.0,22.8,18.0,3.42945,2,20,23,46.79,2.64,4.64,1.22,0.992,20,22
4,Sedan,17,6,6.0,7,12.5,6.0,22.8,18.0,18.696825,1,17,23,10.75,3.02,4.77,1.07,0.97,21,23
2,Sedan,17,6,7.0,3,15.668,6.0,22.8,17.0,3.42945,3,5,16,17.47,3.39,4.7,0.97,0.983,20,22
4,Small,21,10,4.0,7,7.802,4.0,15.2,12.0,2.426175,1,21,23,29.04,2.2,4.67,0.97,0.984,20,25
3,Small,18,7,7.0,3,17.884,4.0,15.2,9.0,18.696825,1,6,17,13.45,3.22,4.75,1.14,0.977,21,23
1,Sedan,16,8,6.0,3,11.733,6.0,22.8,18.0,1.33605,2,2,7,42.43,1.25,4.77,1.11,0.981,22,25
4,Sedan,18,7,6.0,7,12.607,6.0,22.8,18.0,13.009950000000002,2,18,23,11.34,2.67,4.66,1.07,0.968,23,26
3,Small,19,7,4.0,11,7.501,4.0,15.2,12.0,19.434825,2,2,6,14.44,3.36,4.66,1.16,0.98,19,21
1,Sedan,19,7,6.0,11,9.362,6.0,22.8,18.0,13.009950000000002,1,6,18,7.54,0.97,4.75,1.01,0.872,19,24
4,Sedan,20,8,6.0,7,11.102,6.0,22.8,18.0,1.33605,2,7,19,27.93,3.43,4.62,1.13,0.99,22,24
3,Truck,18,8,17.5,7,12.212,17.5,66.5,52.5,19.434825,1,2,7,28.38,2.36,4.62,1.0,0.985,23,28
4,SUV,16,8,13.5,7,13.342,13.5,51.3,40.5,3.42945,3,16,23,45.78,2.82,4.63,1.13,0.992,19,21
5,Small,22,10,4.0,3,10.27,4.0,15.2,12.0,13.009950000000002,2,9,21,35.75,1.3,4.72,1.02,0.979,19,22
5,Truck,20,7,17.5,11,7.95,17.5,66.5,52.5,18.696825,1,2,6,14.19,1.01,4.71,0.99,0.933,22,24
4,Small,18,7,4.0,7,10.888,4.0,15.2,12.0,13.009950000000002,3,6,17,21.25,0.88,4.7,1.2,0.948,21,23
3,Small,17,8,5.0,3,13.491,4.0,15.2,11.0,13.009950000000002,3,7,16,15.86,3.56,4.66,1.06,0.982,19,21
3,Sedan,18,11,6.0,11,13.853,6.0,22.8,18.0,2.426175,2,10,12,25.8,1.96,4.64,1.12,0.98,19,22
1,Small,21,8,4.0,7,4.418,4.0,15.2,12.0,3.42945,1,7,20,33.41,2.87,4.8,1.19,0.99,21,26
3,Sedan,17,8,6.0,11,7.296,6.0,22.8,18.0,0.685125,1,7,8,30.71,0.98,4.74,1.08,0.967,22,27
2,Sedan,19,9,6.0,7,9.913,6.0,22.8,18.0,19.434825,2,8,18,49.48,0.73,4.77,0.92,0.973,22,26
2,Sedan,20,6,6.0,11,4.702,6.0,22.8,18.0,5.4774,1,5,19,30.61,2.07,4.73,1.05,0.984,20,23
5,Small,17,11,5.0,3,13.092,4.0,15.2,11.0,0.685125,1,17,23,10.05,1.19,4.63,0.94,0.92,19,21
4,Small,17,6,4.0,7,11.216,4.0,15.2,12.0,0.685125,3,5,16,28.38,1.7,4.73,0.96,0.979,19,21
3,Sedan,21,6,6.0,3,7.145,6.0,22.8,18.0,1.33605,3,5,8,17.96,2.79,4.62,0.99,0.98,20,25
4,Truck,22,9,17.5,7,8.171,17.5,66.5,52.5,19.434825,1,22,23,28.02,2.52,4.77,1.23,0.986,19,23
2,Small,18,8,4.0,7,5.615,4.0,15.2,12.0,19.434825,3,18,23,23.43,1.76,4.75,0.93,0.976,20,23
4,SUV,20,8,13.5,7,7.957,13.5,51.3,40.5,13.009950000000002,1,5,7,11.82,0.72,4.75,0.91,0.889,21,25
3,Small,20,6,4.0,3,5.627,4.0,15.2,12.0,2.426175,1,20,23,23.49,3.02,4.67,1.02,0.986,21,25
4,Truck,19,10,17.5,7,15.101,17.5,66.5,52.5,19.434825,1,8,9,24.89,3.06,4.67,1.04,0.987,21,25
2,Small,17,7,5.0,3,13.91,4.0,15.2,11.0,2.426175,2,6,16,42.68,1.94,4.63,0.92,0.988,20,24
1,SUV,16,8,13.5,7,8.141,13.5,51.3,40.5,0.685125,2,1,7,41.05,3.51,4.71,1.2,0.993,19,24
1,Sedan,18,7,6.0,3,10.588,6.0,22.8,18.0,2.426175,3,6,17,30.7,0.67,4.69,1.24,0.953,19,24
3,Truck,20,10,17.5,3,13.229,17.5,66.5,52.5,18.696825,3,9,19,15.69,1.71,4.62,1.05,0.963,20,22
2,Sedan,20,10,6.0,7,12.558,6.0,22.8,18.0,2.426175,1,3,9,9.83,0.93,4.72,1.05,0.896,22,24
4,Small,18,11,5.0,7,12.135,4.0,15.2,11.0,2.426175,3,18,23,28.93,0.63,4.68,1.18,0.947,23,27
2,Sedan,20,11,6.0,7,2.794,6.0,22.8,18.0,18.696825,3,10,19,33.26,1.11,4.72,1.24,0.973,20,23
2,Small,17,8,5.0,11,12.102,4.0,15.2,11.0,18.696825,2,7,16,43.91,0.51,4.75,1.1,0.956,21,26
5,Truck,18,9,17.5,3,9.288,17.5,66.5,52.5,3.42945,1,18,23,42.52,1.45,4.8,1.02,0.984,19,22
4,Sedan,21,8,6.0,11,7.641,6.0,22.8,18.0,18.696825,3,1,7,48.53,3.49,4.79,1.0,0.994,22,26
1,Truck,18,10,17.5,7,14.325,17.5,66.5,52.5,2.426175,3,9,17,47.04,3.41,4.63,1.25,0.994,21,26
5,Sedan,19,7,6.0,11,9.326,6.0,22.8,18.0,19.434825,3,6,18,49.08,3.42,4.62,1.15,0.994,21,24
3,Small,17,9,4.0,7,11.558,4.0,15.2,12.0,18.696825,2,8,16,28.9,1.84,4.7,1.24,0.981,22,27
5,SUV,17,9,13.5,11,12.376,13.5,51.3,40.5,13.009950000000002,3,8,16,46.0,3.33,4.77,1.1,0.993,20,23
2,SUV,18,9,13.5,11,10.209,13.5,51.3,40.5,1.33605,2,1,8,27.82,1.84,4.75,0.99,0.981,22,24
4,Sedan,20,7,6.0,3,8.027,6.0,22.8,18.0,5.4774,2,5,7,22.28,3.36,4.72,1.03,0.987,22,26
3,Small,19,9,4.0,11,7.099,4.0,15.2,12.0,3.42945,2,8,18,26.81,0.6,4.62,0.92,0.94,20,25
5,Sedan,17,7,6.0,11,3.639,6.0,22.8,18.0,13.009950000000002,2,17,23,18.99,2.01,4.63,0.95,0.974,21,26
5,Small,20,8,4.0,11,11.128,4.0,15.2,12.0,3.42945,3,20,23,19.96,1.69,4.65,0.94,0.971,19,24
2,Small,18,7,4.0,7,9.434,4.0,15.2,12.0,19.434825,3,18,23,16.63,3.16,4.75,1.14,0.981,19,21
1,SUV,16,7,13.5,3,10.706,13.5,51.3,40.5,3.42945,2,16,23,47.94,3.16,4.74,0.93,0.993,22,27
2,Small,17,11,4.0,7,8.938,4.0,15.2,12.0,0.685125,2,10,16,12.0,1.24,4.68,1.0,0.935,22,27
4,Truck,18,10,17.5,3,11.87,17.5,66.5,52.5,18.696825,3,9,17,8.71,3.35,4.79,1.13,0.966,21,23
2,Small,18,7,4.0,3,8.74,4.0,15.2,12.0,0.685125,2,5,7,41.87,3.26,4.67,1.23,0.993,22,27
3,Small,20,9,4.0,7,7.762,4.0,15.2,12.0,18.696825,1,8,9,40.66,2.66,4.63,1.14,0.991,22,24
1,Sedan,16,7,6.0,3,3.718,6.0,22.8,18.0,2.426175,3,16,23,30.14,0.96,4.77,1.15,0.966,21,24
3,Small,17,8,5.0,11,12.109,4.0,15.2,11.0,0.685125,2,17,23,19.94,1.57,4.62,1.13,0.969,21,24
4,Small,17,8,4.0,3,8.296,4.0,15.2,12.0,2.426175,3,6,9,22.26,3.23,4.61,1.23,0.986,20,22
4,SUV,18,11,13.5,11,5.764,13.5,51.3,40.5,5.4774,1,10,17,7.0,1.43,4.73,1.01,0.905,22,25
1,SUV,18,8,13.5,3,14.733,13.5,51.3,40.5,18.696825,3,7,17,28.57,3.15,4.64,1.2,0.989,21,26
2,Truck,18,6,17.5,7,5.513,17.5,66.5,52.5,18.696825,1,1,5,20.72,2.76,4.76,1.01,0.983,21,24
2,Sedan,20,11,6.0,7,7.866,6.0,22.8,18.0,19.434825,2,20,23,43.85,0.72,4.62,0.93,0.969,22,26
4,Truck,21,11,17.5,11,16.395,17.5,66.5,52.5,5.4774,3,10,20,46.97,2.41,4.67,0.94,0.991,21,24
1,Small,20,11,4.0,11,11.653,4.0,15.2,12.0,18.696825,2,5,10,29.39,3.01,4.74,1.06,0.989,21,25
2,Small,18,7,4.0,3,6.12,4.0,15.2,12.0,2.426175,2,6,17,26.9,3.59,4.61,1.25,0.99,21,26
4,Sedan,18,6,6.0,3,5.788,6.0,22.8,18.0,18.696825,1,5,17,30.75,1.23,4.7,1.06,0.974,23,26
2,SUV,18,6,13.5,11,8.055,13.5,51.3,40.5,5.4774,3,4,7,19.58,1.86,4.7,0.99,0.973,21,25
3,Truck,22,7,17.5,11,3.092,17.5,66.5,52.5,19.434825,2,6,21,21.66,0.56,4.62,1.0,0.921,23,26
1,Small,19,8,4.0,11,6.967,4.0,15.2,12.0,0.685125,1,6,7,22.83,0.58,4.8,1.18,0.927,19,21
3,Truck,18,8,17.5,11,9.516,17.5,66.5,52.5,1.33605,1,18,23,8.25,3.22,4.72,1.09,0.963,20,22
3,Sedan,21,8,6.0,7,4.61,6.0,22.8,18.0,3.42945,2,21,23,37.73,2.58,4.63,1.11,0.99,22,27
4,Sedan,17,8,6.0,11,8.774,6.0,22.8,18.0,5.4774,2,7,16,27.81,0.5,4.6,1.12,0.931,20,22
2,Small,17,10,6.0,11,14.592,4.0,15.2,10.0,5.4774,2,2,9,35.01,0.63,4.67,1.2,0.956,21,23
2,Sedan,20,8,8.0,3,17.493,6.0,22.8,16.0,13.009950000000002,2,7,19,32.36,3.06,4.7,1.17,0.99,19,23
4,Small,16,7,4.0,7,6.612,4.0,15.2,12.0,1.33605,3,6,15,49.45,1.68,4.75,1.09,0.988,20,23
5,Truck,20,11,17.5,11,12.557,17.5,66.5,52.5,1.33605,3,10,19,7.81,1.76,4.69,1.23,0.93,20,23
1,SUV,19,8,13.5,11,6.516,13.5,51.3,40.5,13.009950000000002,3,7,18,30.19,1.91,4.62,0.9,0.983,22,26
3,Sedan,21,10,6.0,7,11.215,6.0,22.8,18.0,13.009950000000002,3,1,9,7.21,3.26,4.71,0.92,0.958,21,23
3,Sedan,16,10,6.0,3,13.365,6.0,22.8,18.0,13.009950000000002,1,9,10,13.32,1.2,4.62,1.14,0.939,21,23
5,Small,16,8,4.0,3,9.526,4.0,15.2,12.0,0.685125,1,16,23,44.73,1.79,4.75,0.96,0.988,19,23
4,Small,18,9,4.0,3,8.033,4.0,15.2,12.0,19.434825,1,18,23,32.9,1.21,4.67,1.22,0.975,23,26
1,SUV,17,11,13.5,3,9.375,13.5,51.3,40.5,13.009950000000002,1,9,10,41.87,1.22,4.6,0.91,0.981,21,23
2,Sedan,20,8,6.0,3,7.016,6.0,22.8,18.0,2.426175,3,7,19,20.8,2.92,4.68,1.22,0.984,23,26
3,SUV,16,7,13.5,11,11.854,13.5,51.3,40.5,18.696825,2,6,15,34.99,2.46,4.71,1.16,0.988,19,22
1,Truck,18,9,17.5,7,16.286,17.5,66.5,52.5,5.4774,1,8,17,33.54,0.8,4.61,1.01,0.963,20,25
1,Sedan,17,8,6.0,7,7.645,6.0,22.8,18.0,0.685125,2,17,23,48.55,3.18,4.7,1.18,0.994,19,24
3,SUV,20,9,13.5,11,10.934,13.5,51.3,40.5,1.33605,3,20,23,40.61,1.64,4.67,1.07,0.985,21,26
2,Small,22,8,4.0,7,6.574,4.0,15.2,12.0,3.42945,3,1,7,41.33,2.72,4.79,0.92,0.991,21,23
2,SUV,19,7,13.5,3,8.391,13.5,51.3,40.5,3.42945,2,1,6,30.67,3.3,4.65,1.13,0.99,20,23
2,Small,17,9,6.0,7,14.888,4.0,15.2,10.0,18.696825,2,8,16,21.04,2.33,4.73,1.16,0.98,19,24
5,Small,20,7,5.0,3,12.319,4.0,15.2,11.0,2.426175,2,6,19,29.42,2.95,4.61,1.0,0.989,20,24
4,Small,21,6,4.0,7,5.643,4.0,15.2,12.0,0.685125,3,3,6,36.39,1.72,4.66,1.03,0.984,19,22
2,Sedan,19,8,7.0,7,15.343,6.0,22.8,17.0,19.434825,1,19,23,21.89,3.17,4.65,1.15,0.986,20,24
5,SUV,20,6,13.5,7,13.313,13.5,51.3,40.5,3.42945,2,3,5,25.23,1.03,4.7,1.1,0.962,20,24
1,Truck,20,9,17.5,3,15.571,17.5,66.5,52.5,3.42945,1,8,19,13.28,2.17,4.61,0.98,0.966,19,23
5,SUV,17,6,13.5,3,17.635,13.5,51.3,40.5,13.009950000000002,1,5,16,7.0,2.7,4.68,1.03,0.948,19,21
5,Sedan,20,9,6.0,3,6.009,6.0,22.8,18.0,19.434825,2,20,23,31.16,1.45,4.62,1.03,0.978,22,26
4,Truck,21,9,17.5,3,9.338,17.5,66.5,52.5,3.42945,2,8,20,35.04,3.19,4.72,0.91,0.991,21,26
3,SUV,20,7,13.5,3,9.426,13.5,51.3,40.5,0.685125,1,6,19,8.75,3.35,4.6,1.13,0.966,23,27
2,Small,18,6,5.0,3,11.912,4.0,15.2,11.0,19.434825,2,18,23,12.06,3.41,4.62,1.0,0.976,19,21
5,Small,18,8,4.0,11,6.767,4.0,15.2,12.0,19.434825,2,7,17,48.24,1.8,4.77,0.99,0.989,20,25
1,Sedan,19,9,6.0,11,14.928,6.0,22.8,18.0,0.685125,3,19,23,11.4,3.49,4.64,0.98,0.975,21,23
1,Small,18,10,4.0,7,6.817,4.0,15.2,12.0,19.434825,1,9,17,15.36,2.87,4.62,1.07,0.978,20,25
1,Small,17,8,4.0,7,6.124,4.0,15.2,12.0,13.009950000000002,3,7,10,37.89,2.1,4.64,1.24,0.988,21,24
1,Sedan,18,8,6.0,11,5.637,6.0,22.8,18.0,19.434825,3,18,23,47.38,1.52,4.71,1.04,0.986,20,23
5,Small,17,8,4.0,7,8.85,4.0,15.2,12.0,2.426175,1,17,23,44.76,3.51,4.67,1.12,0.994,19,22
4,Truck,18,9,17.5,7,1.86,17.5,66.5,52.5,1.33605,2,8,10,26.08,2.94,4.73,1.16,0.987,20,25
3,SUV,17,8,13.5,7,7.363,13.5,51.3,40.5,0.685125,3,7,10,45.68,1.11,4.67,1.23,0.98,22,27
4,Small,19,6,6.0,7,15.061,4.0,15.2,10.0,18.696825,2,19,23,45.55,1.02,4.77,1.04,0.979,19,24
4,Small,19,8,4.0,3,7.876,4.0,15.2,12.0,1.33605,2,7,18,22.88,2.12,4.79,1.2,0.98,22,25
5,Sedan,21,7,6.0,7,10.622,6.0,22.8,18.0,0.685125,2,5,7,40.39,2.92,4.66,1.03,0.992,22,24
2,Sedan,19,7,6.0,3,13.508,6.0,22.8,18.0,5.4774,3,4,7,8.82,1.75,4.77,0.9,0.937,21,24
5,Sedan,21,10,6.0,3,10.63,6.0,22.8,18.0,1.33605,1,9,20,24.89,0.87,4.63,1.15,0.955,19,22
4,Small,20,9,4.0,7,10.501,4.0,15.2,12.0,18.696825,2,5,8,15.58,1.32,4.72,1.05,0.953,19,23
2,SUV,20,8,13.5,3,11.381,13.5,51.3,40.5,1.33605,2,20,23,32.19,1.54,4.74,1.24,0.98,19,22
4,Truck,22,10,17.5,7,9.074,17.5,66.5,52.5,0.685125,3,9,21,8.98,3.21,4.65,1.05,0.966,19,22
5,Sedan,19,10,6.0,7,10.942,6.0,22.8,18.0,2.426175,1,9,18,9.97,2.76,4.61,1.24,0.964,20,24
4,SUV,17,9,13.5,11,15.708,13.5,51.3,40.5,19.434825,1,17,23,18.67,1.48,4.77,1.19,0.964,21,25
3,Small,19,10,5.0,3,12.623,4.0,15.2,11.0,13.009950000000002,1,6,9,43.74,1.61,4.7,1.16,0.986,19,24
2,Truck,18,7,17.5,7,10.384,17.5,66.5,52.5,2.426175,3,2,6,29.75,2.19,4.73,1.02,0.985,22,26
3,Small,19,10,4.0,7,8.745,4.0,15.2,12.0,19.434825,2,6,9,48.82,3.1,4.74,1.09,0.993,19,21
2,Truck,17,9,17.5,11,9.05,17.5,66.5,52.5,0.685125,1,8,16,23.33,1.81,4.74,1.25,0.977,21,24
3,Sedan,18,10,6.0,7,13.993,6.0,22.8,18.0,1.33605,3,9,17,12.69,1.7,4.66,1.11,0.955,19,24
4,SUV,19,10,13.5,7,7.56,13.5,51.3,40.5,13.009950000000002,3,9,18,47.04,1.85,4.78,0.91,0.989,20,24
5,Sedan,19,9,6.0,7,8.584,6.0,22.8,18.0,3.42945,2,19,23,34.4,1.93,4.76,1.07,0.985,22,24
2,SUV,18,8,13.5,11,9.083,13.5,51.3,40.5,18.696825,1,2,7,14.17,1.51,4.76,1.06,0.954,19,22
2,Sedan,21,7,8.0,3,19.585,6.0,22.8,16.0,2.426175,1,5,6,17.53,2.14,4.68,0.91,0.974,22,24
3,Sedan,17,8,6.0,11,10.3,6.0,22.8,18.0,13.009950000000002,1,7,16,14.73,1.65,4.67,0.91,0.96,21,25
5,Small,18,10,4.0,3,11.854,4.0,15.2,12.0,13.009950000000002,3,2,9,39.34,0.69,4.77,1.03,0.964,21,26
2,Small,17,8,5.0,11,13.025,4.0,15.2,11.0,13.009950000000002,2,2,7,23.68,1.49,4.75,0.91,0.972,19,24
3,SUV,18,8,13.5,11,6.931,13.5,51.3,40.5,2.426175,1,3,7,41.05,2.5,4.62,0.95,0.99,21,25
1,Small,16,8,4.0,3,1.552,4.0,15.2,12.0,18.696825,3,7,15,35.94,2.41,4.76,1.22,0.989,19,24
3,Sedan,19,9,6.0,7,10.456,6.0,22.8,18.0,0.685125,1,19,23,38.21,1.41,4.8,0.93,0.982,23,27
3,Sedan,17,9,6.0,11,9.794,6.0,22.8,18.0,19.434825,2,7,9,14.88,3.35,4.63,1.1,0.98,19,21
5,Sedan,18,6,6.0,3,14.206,6.0,22.8,18.0,0.685125,3,2,5,27.96,0.61,4.79,1.08,0.943,22,25
2,Small,17,11,4.0,11,9.701,4.0,15.2,12.0,19.434825,1,17,23,28.86,3.32,4.61,1.1,0.99,21,26
5,Small,17,8,4.0,7,8.476,4.0,15.2,12.0,13.009950000000002,2,7,9,30.05,1.65,4.66,1.02,0.98,20,22
3,Sedan,17,9,6.0,3,13.708,6.0,22.8,18.0,3.42945,3,8,11,8.34,3.34,4.77,1.2,0.965,21,25
5,Sedan,20,9,6.0,7,12.008,6.0,22.8,18.0,1.33605,2,7,9,18.43,2.84,4.7,1.04,0.981,20,24
3,Truck,18,7,17.5,7,13.295,17.5,66.5,52.5,13.009950000000002,1,18,23,32.73,1.33,4.79,0.93,0.977,21,23
3,Small,22,7,5.0,7,12.033,4.0,15.2,11.0,2.426175,1,3,6,21.19,2.55,4.73,1.14,0.982,20,24
3,Truck,17,11,17.5,11,5.464,17.5,66.5,52.5,18.696825,2,10,16,12.15,3.58,4.64,0.92,0.977,21,26
5,Small,19,7,6.0,11,16.841,4.0,15.2,10.0,2.426175,2,5,7,8.2,3.46,4.6,0.97,0.965,20,25
5,Small,20,10,4.0,11,9.183,4.0,15.2,12.0,13.009950000000002,3,9,19,43.13,2.08,4.77,1.14,0.989,22,24
2,Sedan,19,8,6.0,7,9.974,6.0,22.8,18.0,1.33605,1,7,18,13.87,2.53,4.6,1.12,0.972,19,23
1,Small,17,6,5.0,7,12.25,4.0,15.2,11.0,13.009950000000002,1,5,6,14.22,3.09,4.77,0.9,0.977,21,23
4,SUV,18,8,13.5,7,11.554,13.5,51.3,40.5,1.33605,2,18,23,36.24,1.47,4.77,0.94,0.981,22,26
4,Small,18,8,4.0,3,7.677,4.0,15.2,12.0,18.696825,2,6,8,26.77,2.01,4.72,1.02,0.982,21,26
4,Small,17,11,4.0,3,9.452,4.0,15.2,12.0,13.009950000000002,1,10,16,14.28,3.16,4.76,0.99,0.978,20,25
2,Sedan,19,9,6.0,11,11.159,6.0,22.8,18.0,19.434825,1,8,18,44.68,2.49,4.62,1.13,0.991,22,25
4,Sedan,17,8,6.0,7,12.568,6.0,22.8,18.0,5.4774,3,17,23,7.97,2.43,4.73,1.1,0.95,21,25
4,Sedan,17,6,6.0,3,14.342,6.0,22.8,18.0,0.685125,3,5,16,15.12,2.09,4.63,1.0,0.969,19,24
3,Sedan,17,8,6.0,3,12.248,6.0,22.8,18.0,19.434825,1,7,16,7.33,1.19,4.76,0.98,0.892,19,24
1,Sedan,21,7,6.0,7,11.974,6.0,22.8,18.0,1.33605,1,1,6,49.11,3.46,4.64,1.1,0.994,21,24
3,Small,17,9,6.0,7,16.73,4.0,15.2,10.0,19.434825,1,8,16,10.62,2.37,4.78,0.99,0.961,20,24
5,Sedan,20,8,6.0,7,12.727,6.0,22.8,18.0,19.434825,2,7,19,30.29,0.58,4.74,1.02,0.945,21,24
1,Small,21,9,4.0,7,10.392,4.0,15.2,12.0,18.696825,1,8,20,21.51,1.47,4.69,0.94,0.969,23,27
5,Small,19,8,5.0,7,13.369,4.0,15.2,11.0,1.33605,1,19,23,20.58,2.5,4.66,0.92,0.981,19,24
3,Truck,20,6,17.5,3,11.584,17.5,66.5,52.5,1.33605,3,1,5,37.89,3.31,4.68,1.2,0.992,19,23
5,SUV,21,10,13.5,3,8.872,13.5,51.3,40.5,3.42945,3,9,20,38.78,3.17,4.63,1.04,0.992,21,24
4,Sedan,22,8,6.0,3,13.802,6.0,22.8,18.0,3.42945,1,7,21,34.39,1.36,4.64,1.24,0.979,21,25
5,SUV,21,10,13.5,3,11.945,13.5,51.3,40.5,18.696825,2,21,23,31.7,2.42,4.65,1.21,0.987,21,26
5,SUV,19,8,13.5,11,18.895,13.5,51.3,40.5,1.33605,2,6,8,17.84,3.09,4.79,1.17,0.982,23,28
3,SUV,19,8,13.5,3,9.166,13.5,51.3,40.5,18.696825,3,19,23,29.23,2.11,4.73,1.14,0.984,22,24
5,Small,19,8,4.0,11,11.449,4.0,15.2,12.0,0.685125,1,1,7,18.89,3.43,4.66,1.22,0.985,21,23
3,SUV,19,10,13.5,11,10.694,13.5,51.3,40.5,5.4774,3,19,23,19.94,2.4,4.79,1.0,0.979,19,23
1,SUV,20,8,13.5,3,8.079,13.5,51.3,40.5,18.696825,1,2,7,27.71,2.6,4.76,1.11,0.986,19,21
3,Small,19,11,4.0,11,8.482,4.0,15.2,12.0,3.42945,1,19,23,32.42,0.74,4.76,1.17,0.959,22,24
3,Small,17,11,4.0,3,7.108,4.0,15.2,12.0,19.434825,3,10,16,47.14,2.62,4.72,1.14,0.992,22,24
4,Sedan,19,7,6.0,11,8.046,6.0,22.8,18.0,18.696825,1,19,23,30.52,3.0,4.7,1.16,0.989,19,24
1,Small,18,9,4.0,3,3.244,4.0,15.2,12.0,5.4774,3,3,8,41.73,3.5,4.69,1.0,0.993,19,22
3,Sedan,19,7,6.0,11,13.214,6.0,22.8,18.0,5.4774,1,19,23,44.61,2.01,4.68,1.25,0.989,22,25
5,SUV,16,8,13.5,3,6.916,13.5,51.3,40.5,5.4774,2,16,23,19.69,1.38,4.62,0.92,0.964,23,25
5,SUV,18,7,13.5,3,7.937,13.5,51.3,40.5,5.4774,2,6,17,25.83,2.41,4.67,1.07,0.984,22,27
2,Truck,18,6,17.5,7,14.707,17.5,66.5,52.5,3.42945,3,3,6,30.65,1.94,4.73,1.24,0.983,20,23
3,Small,20,7,5.0,11,13.703,4.0,15.2,11.0,19.434825,1,6,7,49.45,1.48,4.64,0.9,0.986,23,27
3,Sedan,18,9,6.0,7,8.519,6.0,22.8,18.0,3.42945,2,2,8,28.93,1.94,4.6,1.21,0.982,23,26
4,Small,16,8,5.0,7,13.091,4.0,15.2,11.0,0.685125,2,16,23,11.61,1.6,4.71,1.21,0.948,19,21
3,Sedan,17,11,6.0,11,14.135,6.0,22.8,18.0,3.42945,1,10,16,18.46,2.74,4.6,0.97,0.98,19,22
4,Small,17,8,5.0,7,12.069,4.0,15.2,11.0,13.009950000000002,3,17,23,23.17,1.97,4.72,1.07,0.978,21,24
1,Truck,21,11,17.5,11,7.174,17.5,66.5,52.5,19.434825,2,10,12,31.85,3.49,4.75,0.99,0.991,22,27
4,Small,18,7,4.0,7,8.669,4.0,15.2,12.0,1.33605,1,18,23,13.35,3.59,4.64,0.99,0.979,23,28
1,Small,19,7,5.0,11,13.095,4.0,15.2,11.0,5.4774,2,6,18,39.35,1.61,4.72,1.03,0.984,22,27
3,SUV,19,7,13.5,3,15.435,13.5,51.3,40.5,19.434825,2,19,23,15.21,1.92,4.71,1.13,0.966,20,23
1,Sedan,16,7,6.0,3,7.628,6.0,22.8,18.0,3.42945,2,6,8,15.28,2.28,4.75,0.98,0.972,23,27
3,Small,18,9,4.0,11,8.354,4.0,15.2,12.0,3.42945,2,4,8,32.07,1.22,4.62,0.93,0.975,23,25
2,Truck,16,9,17.5,11,10.012,17.5,66.5,52.5,13.009950000000002,3,8,15,18.52,2.64,4.73,1.17,0.98,21,26
2,SUV,22,7,13.5,3,7.105,13.5,51.3,40.5,1.33605,2,6,21,10.47,1.99,4.65,1.04,0.953,20,24
3,Sedan,18,6,6.0,11,7.577,6.0,22.8,18.0,19.434825,1,4,5,31.58,1.54,4.79,1.2,0.98,21,26
4,Sedan,19,8,6.0,7,13.409,6.0,22.8,18.0,3.42945,3,19,23,48.87,2.27,4.75,1.24,0.991,22,25
4,Sedan,17,7,6.0,7,9.562,6.0,22.8,18.0,5.4774,2,17,23,24.48,2.16,4.66,1.13,0.981,21,23
2,Small,17,7,4.0,7,3.899,4.0,15.2,12.0,13.009950000000002,2,6,16,47.39,3.53,4.63,0.92,0.994,22,27
2,Small,16,8,4.0,3,9.327,4.0,15.2,12.0,19.434825,2,16,23,44.53,3.15,4.74,0.97,0.993,20,25
4,Small,18,8,4.0,7,7.557,4.0,15.2,12.0,13.009950000000002,1,7,17,26.22,0.79,4.76,1.18,0.953,20,25
5,Small,17,9,4.0,11,7.84,4.0,15.2,12.0,1.33605,3,17,23,8.87,2.76,4.66,1.2,0.96,22,27
1,Small,18,8,4.0,7,7.338,4.0,15.2,12.0,19.434825,3,18,23,30.4,1.79,4.72,1.25,0.982,22,24
2,Truck,19,8,17.5,7,15.21,17.5,66.5,52.5,2.426175,3,7,18,39.58,2.24,4.7,1.01,0.989,23,27
3,Small,22,10,5.0,3,13.08,4.0,15.2,11.0,3.42945,2,9,21,21.43,3.18,4.6,1.1,0.985,22,26
1,Small,20,8,4.0,3,8.689,4.0,15.2,12.0,1.33605,3,7,19,13.01,2.52,4.66,1.07,0.97,19,24
1,Small,21,7,6.0,7,14.919,4.0,15.2,10.0,3.42945,2,6,20,10.73,1.07,4.68,1.03,0.917,21,24
1,Truck,19,9,17.5,7,15.809,17.5,66.5,52.5,5.4774,3,19,23,37.28,1.08,4.65,0.98,0.975,20,25
3,Sedan,17,10,6.0,7,6.759,6.0,22.8,18.0,18.696825,1,9,16,39.72,2.61,4.67,1.18,0.99,19,24
3,Truck,19,10,17.5,7,11.877,17.5,66.5,52.5,5.4774,1,9,18,24.54,0.63,4.64,1.07,0.937,22,26
1,Sedan,20,7,7.0,7,15.419,6.0,22.8,17.0,0.685125,1,20,23,12.11,2.59,4.61,1.06,0.969,22,27
2,Small,21,10,4.0,7,11.545,4.0,15.2,12.0,3.42945,2,21,23,37.63,2.5,4.72,1.06,0.989,21,23
4,Sedan,19,8,6.0,3,8.456,6.0,22.8,18.0,2.426175,3,19,23,17.98,0.83,4.62,0.97,0.935,22,25
4,SUV,18,9,13.5,7,1.964,13.5,51.3,40.5,18.696825,3,8,17,18.4,0.98,4.66,0.91,0.946,20,23
4,Small,17,10,4.0,11,8.76,4.0,15.2,12.0,13.009950000000002,2,17,23,48.12,2.56,4.78,1.06,0.992,20,23
2,Truck,18,9,17.5,11,16.572,17.5,66.5,52.5,5.4774,2,18,23,28.23,1.98,4.7,0.93,0.982,20,22
1,Small,20,11,6.0,7,15.878,4.0,15.2,10.0,18.696825,3,1,10,39.81,3.0,4.69,1.1,0.992,20,22
1,Sedan,17,8,6.0,3,12.092,6.0,22.8,18.0,13.009950000000002,2,17,23,15.98,1.82,4.62,1.19,0.966,23,27
2,Sedan,18,11,6.0,7,8.702,6.0,22.8,18.0,2.426175,1,18,23,8.81,2.28,4.71,1.22,0.951,21,24
2,Small,18,10,4.0,3,9.04,4.0,15.2,12.0,0.685125,2,18,23,18.5,1.45,4.71,1.0,0.963,23,25
2,Small,19,8,4.0,3,9.366,4.0,15.2,12.0,1.33605,1,7,18,46.92,3.35,4.66,0.95,0.994,20,22
2,Sedan,19,10,6.0,3,7.96,6.0,22.8,18.0,13.009950000000002,2,19,23,26.71,2.97,4.73,1.0,0.987,23,25
1,Truck,17,6,17.5,11,14.126,17.5,66.5,52.5,13.009950000000002,3,5,16,22.23,0.5,4.74,0.96,0.914,19,23
5,Small,19,8,5.0,7,14.187,4.0,15.2,11.0,0.685125,1,5,7,19.76,3.51,4.8,1.16,0.986,22,24
5,SUV,20,8,13.5,3,8.793,13.5,51.3,40.5,2.426175,3,20,23,23.13,1.25,4.71,1.14,0.966,20,25
3,SUV,18,9,13.5,7,12.719,13.5,51.3,40.5,1.33605,3,18,23,18.96,3.3,4.77,1.11,0.984,22,27
1,SUV,19,7,13.5,7,8.838,13.5,51.3,40.5,3.42945,2,4,6,49.98,1.62,4.78,1.23,0.988,21,23
3,Truck,18,8,17.5,3,16.095,17.5,66.5,52.5,18.696825,1,7,8,48.87,1.54,4.67,1.18,0.987,20,23
1,Small,18,7,4.0,3,7.196,4.0,15.2,12.0,5.4774,3,6,17,36.94,2.84,4.72,1.16,0.991,22,24
3,Truck,19,7,17.5,3,9.714,17.5,66.5,52.5,5.4774,2,4,6,15.8,3.25,4.66,0.96,0.981,22,25
3,SUV,18,9,13.5,7,6.954,13.5,51.3,40.5,2.426175,3,3,8,19.97,0.75,4.69,1.17,0.935,21,24
1,SUV,18,7,13.5,11,14.557,13.5,51.3,40.5,5.4774,1,4,6,42.47,2.02,4.79,1.06,0.988,22,26
3,Small,20,7,5.0,11,12.225,4.0,15.2,11.0,18.696825,2,3,6,8.05,1.29,4.75,1.13,0.908,22,25
3,Small,18,8,5.0,11,14.223,4.0,15.2,11.0,5.4774,1,18,23,39.41,3.15,4.79,1.09,0.992,23,26
4,Small,19,8,4.0,11,7.603,4.0,15.2,12.0,0.685125,1,2,7,11.32,3.49,4.68,1.08,0.975,21,26
2,Small,17,9,4.0,7,9.46,4.0,15.2,12.0,2.426175,2,17,23,14.24,2.01,4.64,0.93,0.966,20,22
4,Small,19,9,4.0,11,10.421,4.0,15.2,12.0,13.009950000000002,3,2,8,46.16,0.61,4.76,0.98,0.965,22,24
2,Small,18,7,5.0,3,13.179,4.0,15.2,11.0,2.426175,2,6,17,16.26,0.97,4.6,0.99,0.939,20,25
4,Small,19,7,4.0,3,10.052,4.0,15.2,12.0,19.434825,3,1,6,13.04,1.07,4.73,0.97,0.931,21,23
2,Small,17,9,5.0,3,12.827,4.0,15.2,11.0,0.685125,2,8,16,37.23,0.74,4.75,0.96,0.964,21,25
2,SUV,17,10,13.5,7,18.304,13.5,51.3,40.5,2.426175,2,9,16,21.59,2.19,4.68,0.94,0.979,21,25
2,Small,17,8,5.0,11,13.371,4.0,15.2,11.0,2.426175,3,2,7,19.7,2.69,4.7,1.13,0.981,20,24
4,Small,17,8,4.0,7,4.636,4.0,15.2,12.0,13.009950000000002,3,7,16,26.96,2.99,4.69,1.11,0.988,20,23
4,Truck,19,6,17.5,3,14.036,17.5,66.5,52.5,2.426175,1,19,23,25.7,3.2,4.66,1.17,0.988,19,23
1,Small,19,7,5.0,3,14.209,4.0,15.2,11.0,18.696825,1,19,23,33.32,0.54,4.64,1.18,0.946,23,26
4,SUV,19,8,13.5,3,6.909,13.5,51.3,40.5,5.4774,1,19,23,46.84,1.72,4.8,1.17,0.988,21,24
1,SUV,18,7,13.5,7,4.69,13.5,51.3,40.5,0.685125,2,18,23,42.45,0.59,4.67,0.91,0.961,20,22
1,Truck,19,6,17.5,11,8.133,17.5,66.5,52.5,1.33605,1,5,18,38.28,2.24,4.77,1.2,0.988,21,26
4,Small,17,8,4.0,3,5.734,4.0,15.2,12.0,19.434825,3,17,23,20.5,2.89,4.63,1.14,0.983,23,27
1,Truck,18,9,17.5,3,15.108,17.5,66.5,52.5,19.434825,2,8,17,13.06,1.74,4.69,1.24,0.957,19,21
1,Small,18,6,4.0,3,11.534,4.0,15.2,12.0,13.009950000000002,2,2,5,45.03,2.38,4.62,1.05,0.991,19,21
3,SUV,21,8,13.5,3,4.213,13.5,51.3,40.5,13.009950000000002,1,4,7,30.52,1.89,4.69,1.17,0.983,20,23
3,Sedan,17,9,6.0,7,9.931,6.0,22.8,18.0,3.42945,3,8,16,39.49,1.76,4.64,1.23,0.986,21,25
5,Sedan,20,7,7.0,3,16.004,6.0,22.8,17.0,2.426175,2,6,8,29.59,2.21,4.62,1.15,0.985,22,27
1,Small,16,6,4.0,3,10.6,4.0,15.2,12.0,1.33605,1,16,23,27.96,3.56,4.63,0.97,0.99,22,26
3,Small,17,6,4.0,7,7.367,4.0,15.2,12.0,19.434825,2,5,16,24.04,2.13,4.73,1.23,0.981,21,26
4,SUV,21,9,13.5,3,14.608,13.5,51.3,40.5,3.42945,3,8,20,21.04,2.43,4.68,1.08,0.981,20,22
1,Small,20,7,4.0,3,8.72,4.0,15.2,12.0,5.4774,2,6,19,28.7,1.06,4.73,1.09,0.968,19,23
4,Sedan,20,8,6.0,11,10.148,6.0,22.8,18.0,3.42945,3,4,7,20.95,3.3,4.63,1.07,0.986,23,25
1,Truck,20,11,17.5,11,10.35,17.5,66.5,52.5,0.685125,3,10,13,38.57,2.81,4.79,1.2,0.991,19,22
1,Truck,16,8,17.5,11,8.287,17.5,66.5,52.5,5.4774,3,16,23,44.58,2.71,4.68,1.02,0.992,22,27
5,Small,21,7,4.0,3,11.266,4.0,15.2,12.0,2.426175,1,6,20,29.59,1.47,4.76,0.95,0.977,19,23
3,SUV,18,11,13.5,7,7.386,13.5,51.3,40.5,0.685125,3,10,17,29.03,0.75,4.77,1.09,0.955,20,24
1,Sedan,17,7,6.0,11,12.484,6.0,22.8,18.0,18.696825,1,17,23,7.47,2.01,4.74,1.12,0.936,20,23
4,Small,18,7,4.0,7,8.922,4.0,15.2,12.0,19.434825,3,6,17,28.81,0.59,4.78,1.15,0.943,21,26
3,Truck,17,6,17.5,3,11.643,17.5,66.5,52.5,19.434825,3,4,7,36.59,3.55,4.71,1.03,0.992,22,27
3,SUV,20,9,13.5,7,10.719,13.5,51.3,40.5,3.42945,1,8,19,30.01,1.17,4.61,1.15,0.972,22,24
4,Small,21,11,5.0,3,12.41,4.0,15.2,11.0,5.4774,1,2,10,40.77,2.73,4.62,1.05,0.991,21,23
5,Small,17,6,4.0,11,4.484,4.0,15.2,12.0,3.42945,3,5,16,31.42,1.86,4.73,1.13,0.983,19,24
3,Sedan,22,9,6.0,11,10.534,6.0,22.8,18.0,2.426175,3,8,21,39.33,1.89,4.79,1.09,0.987,19,23
5,SUV,21,8,13.5,11,7.356,13.5,51.3,40.5,2.426175,1,21,23,20.76,0.71,4.73,0.93,0.934,19,21
4,Small,20,9,4.0,11,3.348,4.0,15.2,12.0,1.33605,3,8,19,23.19,2.29,4.78,0.96,0.981,19,22
2,Truck,20,8,17.5,3,4.428,17.5,66.5,52.5,3.42945,3,7,19,15.51,2.64,4.63,1.14,0.976,20,25
5,SUV,18,9,13.5,11,4.589,13.5,51.3,40.5,1.33605,1,7,8,22.38,1.86,4.71,1.09,0.976,21,23
3,Sedan,19,10,6.0,3,9.316,6.0,22.8,18.0,5.4774,1,2,9,15.57,3.15,4.68,0.99,0.98,22,24
5,SUV,20,10,13.5,7,6.611,13.5,51.3,40.5,18.696825,3,20,23,8.09,3.16,4.75,1.18,0.962,20,22
3,SUV,17,6,13.5,11,10.111,13.5,51.3,40.5,3.42945,1,5,6,21.38,3.6,4.75,1.25,0.987,21,26
1,Sedan,17,8,6.0,11,12.026,6.0,22.8,18.0,2.426175,3,1,7,46.59,3.28,4.68,0.94,0.993,19,24
1,Sedan,17,6,6.0,3,11.393,6.0,22.8,18.0,0.685125,3,17,23,29.15,3.28,4.72,1.04,0.99,22,24
2,Sedan,17,6,6.0,3,8.787,6.0,22.8,18.0,0.685125,3,2,5,25.77,1.23,4.79,1.06,0.969,23,28
5,Small,19,11,4.0,7,11.264,4.0,15.2,12.0,1.33605,2,5,10,26.36,2.96,4.65,1.07,0.987,19,23
4,Small,18,8,5.0,7,12.768,4.0,15.2,11.0,18.696825,3,18,23,9.61,1.37,4.74,0.97,0.927,19,22
4,Sedan,16,7,6.0,7,9.145,6.0,22.8,18.0,5.4774,3,6,15,46.62,2.14,4.61,1.11,0.99,21,26
5,Small,16,11,4.0,11,10.614,4.0,15.2,12.0,1.33605,3,10,15,14.92,2.24,4.7,1.16,0.971,21,24
2,SUV,21,8,13.5,11,12.474,13.5,51.3,40.5,5.4774,3,7,20,39.62,3.21,4.63,1.11,0.992,22,26
4,Small,20,11,5.0,11,13.581,4.0,15.2,11.0,2.426175,3,20,23,41.04,1.27,4.69,0.93,0.981,22,27
1,Sedan,19,9,6.0,11,4.18,6.0,22.8,18.0,5.4774,2,8,10,36.22,1.38,4.66,1.2,0.98,19,22
1,SUV,20,7,13.5,3,8.872,13.5,51.3,40.5,1.33605,3,20,23,41.08,1.33,4.76,0.98,0.982,19,22
5,Sedan,19,7,6.0,7,5.643,6.0,22.8,18.0,0.685125,2,6,18,16.13,1.13,4.69,1.05,0.947,23,25
5,Sedan,17,7,6.0,7,5.867,6.0,22.8,18.0,0.685125,1,5,6,7.5,2.2,4.67,1.0,0.941,23,28
5,Small,20,10,7.0,7,17.208,4.0,15.2,9.0,5.4774,3,9,19,42.53,1.28,4.72,1.12,0.982,19,21
1,SUV,17,7,13.5,11,12.513,13.5,51.3,40.5,1.33605,1,6,16,30.38,1.08,4.74,0.91,0.97,21,25
4,Small,16,10,4.0,11,10.149,4.0,15.2,12.0,5.4774,3,5,9,37.09,3.55,4.63,1.24,0.992,23,26
5,Small,16,9,5.0,11,12.864,4.0,15.2,11.0,0.685125,2,3,8,43.17,3.37,4.6,0.97,0.993,22,26
4,Sedan,18,7,6.0,7,13.292,6.0,22.8,18.0,19.434825,2,4,6,7.5,1.06,4.72,1.17,0.882,21,24
2,Small,20,8,4.0,3,11.397,4.0,15.2,12.0,3.42945,3,20,23,48.6,2.64,4.77,1.21,0.992,22,27
1,Small,18,7,6.0,3,14.696,4.0,15.2,10.0,0.685125,3,18,23,21.46,1.61,4.68,0.91,0.971,19,21
3,Small,16,11,4.0,7,6.228,4.0,15.2,12.0,1.33605,3,10,15,30.2,2.39,4.69,1.25,0.986,22,25
2,Sedan,18,8,6.0,11,6.722,6.0,22.8,18.0,2.426175,3,6,9,37.69,2.78,4.72,1.24,0.991,19,22
4,Small,16,9,4.0,7,6.577,4.0,15.2,12.0,5.4774,2,8,10,12.49,2.87,4.73,1.22,0.972,22,24
1,Sedan,20,7,6.0,11,12.182,6.0,22.8,18.0,18.696825,1,20,23,12.06,2.65,4.73,1.14,0.969,19,23
1,Truck,19,9,17.5,3,12.318,17.5,66.5,52.5,19.434825,2,19,23,23.28,2.63,4.75,0.99,0.984,21,25
2,Small,16,11,4.0,3,1.847,4.0,15.2,12.0,2.426175,1,10,15,25.03,2.84,4.78,1.19,0.986,21,23
3,Small,19,7,4.0,11,7.598,4.0,15.2,12.0,0.685125,2,6,18,10.57,2.57,4.65,0.92,0.964,23,25
3,Sedan,18,9,6.0,11,8.492,6.0,22.8,18.0,19.434825,1,18,23,11.46,2.98,4.65,0.95,0.971,19,23
4,Truck,19,9,17.5,3,9.788,17.5,66.5,52.5,1.33605,1,19,23,15.22,0.92,4.6,0.94,0.931,20,22
1,Sedan,19,8,6.0,3,7.786,6.0,22.8,18.0,5.4774,1,7,18,32.84,2.53,4.68,0.92,0.988,23,25
3,Sedan,19,8,6.0,7,11.855,6.0,22.8,18.0,1.33605,2,19,23,14.68,2.17,4.66,0.99,0.969,23,25
2,Small,19,8,4.0,7,11.118,4.0,15.2,12.0,2.426175,3,19,23,14.52,2.52,4.72,1.18,0.973,19,24
1,Small,21,7,4.0,3,6.992,4.0,15.2,12.0,19.434825,1,21,23,7.74,2.3,4.67,1.24,0.945,22,24
2,Truck,18,9,17.5,7,17.664,17.5,66.5,52.5,18.696825,3,8,17,43.31,1.36,4.8,0.93,0.983,20,24
3,Small,17,8,5.0,7,11.894,4.0,15.2,11.0,19.434825,1,5,7,32.12,3.16,4.7,0.96,0.99,23,25
5,Small,17,6,4.0,3,6.168,4.0,15.2,12.0,19.434825,1,4,5,27.81,2.77,4.78,1.0,0.987,20,23
2,Truck,17,9,17.5,11,9.956,17.5,66.5,52.5,5.4774,2,6,8,18.69,3.01,4.69,1.04,0.982,21,25
3,SUV,20,8,13.5,7,9.309,13.5,51.3,40.5,1.33605,1,3,7,13.64,1.38,4.72,1.04,0.948,19,21
2,Sedan,19,7,6.0,11,6.243,6.0,22.8,18.0,2.426175,1,19,23,21.27,2.81,4.78,1.08,0.983,20,24
4,SUV,20,8,13.5,3,14.485,13.5,51.3,40.5,5.4774,2,6,8,8.65,3.05,4.71,1.09,0.963,22,24
3,Truck,16,7,17.5,11,7.843,17.5,66.5,52.5,19.434825,2,6,15,7.99,0.79,4.8,0.94,0.853,20,23
4,Small,18,7,4.0,7,6.57,4.0,15.2,12.0,3.42945,1,18,23,22.64,1.13,4.66,1.09,0.962,20,24
4,Small,20,7,6.0,3,15.683,4.0,15.2,10.0,18.696825,1,3,6,33.68,0.89,4.61,0.91,0.967,19,24
4,Small,16,8,4.0,3,3.017,4.0,15.2,12.0,2.426175,1,7,15,27.07,1.63,4.63,1.06,0.978,22,26
3,Sedan,17,7,6.0,11,9.534,6.0,22.8,18.0,18.696825,1,6,16,23.61,1.52,4.79,1.0,0.973,22,26
2,Sedan,16,11,6.0,11,8.025,6.0,22.8,18.0,19.434825,3,4,10,35.22,0.64,4.61,1.24,0.957,20,22
2,Small,20,10,5.0,7,11.92,4.0,15.2,11.0,3.42945,1,20,23,43.97,0.66,4.61,0.96,0.966,22,26
1,Truck,17,9,17.5,11,5.024,17.5,66.5,52.5,18.696825,2,8,16,28.78,2.36,4.61,0.98,0.985,20,22
5,Sedan,19,10,6.0,3,6.737,6.0,22.8,18.0,5.4774,1,8,9,48.28,3.17,4.63,1.01,0.993,22,24
3,Truck,22,9,17.5,11,9.14,17.5,66.5,52.5,18.696825,1,22,23,41.51,1.62,4.73,0.98,0.985,19,22
5,Truck,18,8,17.5,11,5.422,17.5,66.5,52.5,3.42945,3,3,7,24.7,2.23,4.67,1.19,0.982,20,25
3,Small,20,10,4.0,11,4.504,4.0,15.2,12.0,19.434825,3,20,23,13.13,1.99,4.68,0.91,0.962,23,27
4,Small,17,8,5.0,7,12.934,4.0,15.2,11.0,2.426175,1,17,23,37.51,3.15,4.7,1.23,0.992,20,23
3,Sedan,18,10,6.0,3,10.434,6.0,22.8,18.0,3.42945,1,9,17,27.9,1.57,4.68,1.04,0.977,20,22
1,SUV,17,10,13.5,7,7.871,13.5,51.3,40.5,13.009950000000002,1,17,23,27.65,0.87,4.67,0.93,0.959,19,22
1,Sedan,17,8,6.0,11,3.893,6.0,22.8,18.0,18.696825,3,17,23,40.85,2.46,4.6,1.13,0.99,20,25
3,Small,18,7,5.0,7,14.477,4.0,15.2,11.0,1.33605,3,18,23,40.94,2.1,4.7,1.02,0.988,20,24
3,Small,18,8,4.0,7,7.523,4.0,15.2,12.0,19.434825,3,18,23,50.0,3.19,4.65,0.92,0.994,21,23
4,Sedan,20,8,6.0,11,9.644,6.0,22.8,18.0,3.42945,3,20,23,22.9,3.05,4.79,1.22,0.986,23,28
4,Small,17,9,6.0,3,14.805,4.0,15.2,10.0,2.426175,3,17,23,20.93,0.6,4.63,1.13,0.923,23,25
1,Small,19,8,4.0,11,10.797,4.0,15.2,12.0,1.33605,3,19,23,31.79,0.75,4.68,1.2,0.959,21,25
4,Truck,19,11,17.5,3,3.726,17.5,66.5,52.5,1.33605,1,19,23,22.42,2.25,4.79,1.06,0.98,23,25
5,Sedan,18,6,6.0,3,8.477,6.0,22.8,18.0,5.4774,3,3,6,33.72,2.17,4.67,1.16,0.986,22,25
5,Small,17,8,4.0,3,10.654,4.0,15.2,12.0,1.33605,1,1,7,25.55,1.48,4.75,1.21,0.974,23,25
3,Sedan,19,9,6.0,11,12.73,6.0,22.8,18.0,5.4774,3,8,11,37.95,2.87,4.61,0.98,0.991,23,27
3,Small,18,9,4.0,11,4.93,4.0,15.2,12.0,13.009950000000002,1,8,17,26.79,1.48,4.76,1.04,0.975,20,24
3,Small,20,7,4.0,11,7.778,4.0,15.2,12.0,0.685125,2,20,23,37.59,3.07,4.8,1.21,0.991,21,25
5,Small,21,7,5.0,11,13.151,4.0,15.2,11.0,3.42945,2,6,20,36.0,2.14,4.64,1.09,0.987,23,28
5,Sedan,18,7,6.0,11,1.831,6.0,22.8,18.0,13.009950000000002,2,18,23,7.8,3.02,4.61,0.96,0.958,21,24
5,Sedan,17,8,6.0,11,13.068,6.0,22.8,18.0,0.685125,1,7,16,41.6,3.09,4.72,1.03,0.992,23,26
4,Sedan,18,8,6.0,7,6.865,6.0,22.8,18.0,19.434825,1,7,17,15.15,3.33,4.74,1.15,0.98,23,26
4,Truck,16,7,17.5,7,6.855,17.5,66.5,52.5,0.685125,1,6,15,20.04,2.87,4.65,0.93,0.983,23,27
4,SUV,18,9,13.5,7,10.796,13.5,51.3,40.5,1.33605,1,18,23,31.25,0.8,4.76,1.2,0.961,21,24
1,Sedan,22,8,6.0,11,7.557,6.0,22.8,18.0,2.426175,1,7,21,48.78,2.63,4.79,0.98,0.992,23,28
5,Small,20,6,4.0,7,11.263,4.0,15.2,12.0,5.4774,3,5,19,44.9,1.32,4.66,0.9,0.983,23,26
4,Truck,18,9,17.5,7,6.396,17.5,66.5,52.5,13.009950000000002,3,8,17,42.9,1.95,4.64,1.24,0.988,19,24
3,Sedan,19,9,6.0,7,11.022,6.0,22.8,18.0,2.426175,2,8,18,44.51,1.41,4.7,1.0,0.984,22,27
2,Small,19,7,4.0,11,10.008,4.0,15.2,12.0,19.434825,2,19,23,13.51,1.23,4.64,1.2,0.942,22,25
2,Sedan,18,9,6.0,7,7.91,6.0,22.8,18.0,5.4774,3,3,8,36.22,1.28,4.61,1.18,0.979,22,27
5,Sedan,19,9,6.0,3,11.626,6.0,22.8,18.0,19.434825,2,5,8,45.48,1.01,4.74,1.0,0.978,20,22
1,Small,19,6,4.0,7,11.435,4.0,15.2,12.0,5.4774,1,5,18,10.1,0.71,4.76,1.08,0.87,20,23
3,Truck,18,7,17.5,3,4.958,17.5,66.5,52.5,18.696825,1,2,6,32.42,2.51,4.71,0.93,0.988,21,26
2,Small,19,8,4.0,11,4.656,4.0,15.2,12.0,5.4774,1,6,7,34.78,3.59,4.75,1.22,0.992,20,23
4,Small,20,10,4.0,7,9.665,4.0,15.2,12.0,19.434825,2,6,9,31.41,3.37,4.76,1.25,0.991,20,22
5,Small,16,8,4.0,3,7.616,4.0,15.2,12.0,1.33605,3,7,15,18.94,1.2,4.75,1.03,0.957,21,25
4,SUV,20,7,13.5,11,3.082,13.5,51.3,40.5,3.42945,1,6,19,12.9,3.01,4.62,1.02,0.975,21,26
4,Sedan,18,9,6.0,7,8.368,6.0,22.8,18.0,5.4774,3,18,23,48.72,0.64,4.68,1.19,0.968,23,27
4,Truck,20,8,17.5,7,11.411,17.5,66.5,52.5,0.685125,3,20,23,28.13,2.44,4.67,0.98,0.986,22,24
3,SUV,19,11,13.5,7,11.179,13.5,51.3,40.5,5.4774,3,10,18,12.6,1.3,4.74,0.92,0.941,20,22
3,Small,18,9,6.0,3,14.917,4.0,15.2,10.0,1.33605,3,18,23,22.98,1.29,4.79,1.06,0.967,19,23
4,Small,20,9,4.0,11,5.936,4.0,15.2,12.0,3.42945,3,5,8,39.17,3.54,4.61,1.02,0.993,19,21
5,Sedan,18,7,6.0,11,11.346,6.0,22.8,18.0,2.426175,1,18,23,45.58,0.6,4.64,1.21,0.964,19,22
4,SUV,19,7,13.5,11,11.412,13.5,51.3,40.5,3.42945,3,5,8,8.29,2.9,4.76,1.11,0.959,19,24
1,Small,18,9,4.0,3,10.598,4.0,15.2,12.0,0.685125,1,3,8,42.98,3.56,4.71,0.9,0.993,23,27
5,Small,22,7,5.0,11,12.686,4.0,15.2,11.0,18.696825,3,6,21,22.54,2.19,4.73,1.22,0.98,23,26
2,SUV,17,6,13.5,11,6.554,13.5,51.3,40.5,2.426175,3,5,16,46.1,2.73,4.75,1.08,0.992,20,25
3,Small,16,8,6.0,7,16.134,4.0,15.2,10.0,0.685125,2,6,8,14.91,2.12,4.61,1.21,0.969,19,23
5,Small,18,7,5.0,3,11.916,4.0,15.2,11.0,13.009950000000002,2,2,6,38.33,2.23,4.78,1.25,0.988,22,27
2,Sedan,18,10,6.0,7,14.832,6.0,22.8,18.0,2.426175,2,9,17,12.48,3.41,4.78,1.04,0.977,23,27
1,Small,19,8,5.0,11,12.144,4.0,15.2,11.0,19.434825,3,3,7,9.44,1.05,4.65,1.17,0.904,22,26
3,SUV,20,9,13.5,11,9.569,13.5,51.3,40.5,13.009950000000002,3,8,19,18.29,2.37,4.64,0.94,0.977,22,24
5,Small,17,7,4.0,11,6.456,4.0,15.2,12.0,19.434825,3,6,16,25.26,3.04,4.8,1.16,0.987,21,24
3,Small,19,10,4.0,7,11.15,4.0,15.2,12.0,1.33605,2,9,18,40.77,3.26,4.64,1.21,0.993,19,23
1,SUV,21,8,13.5,11,8.628,13.5,51.3,40.5,1.33605,1,21,23,25.15,3.16,4.74,1.25,0.987,21,24
1,SUV,20,7,13.5,11,12.033,13.5,51.3,40.5,1.33605,3,2,6,9.71,2.5,4.72,1.0,0.96,23,25
4,Sedan,19,8,6.0,7,10.177,6.0,22.8,18.0,2.426175,2,7,18,23.84,1.53,4.67,1.15,0.973,23,25
3,SUV,19,11,13.5,7,7.016,13.5,51.3,40.5,19.434825,3,10,18,18.83,2.97,4.6,1.19,0.982,20,25
4,SUV,18,10,13.5,11,12.719,13.5,51.3,40.5,3.42945,3,18,23,16.07,3.39,4.77,0.96,0.982,22,27
2,Sedan,16,9,6.0,3,14.236,6.0,22.8,18.0,19.434825,1,8,9,16.69,3.09,4.62,1.2,0.981,19,21
1,Truck,19,7,17.5,7,13.8,17.5,66.5,52.5,2.426175,2,4,6,18.58,0.58,4.68,1.2,0.911,23,25
2,Sedan,17,9,6.0,7,5.482,6.0,22.8,18.0,5.4774,3,8,16,12.11,2.45,4.72,1.0,0.967,23,28
2,SUV,22,8,13.5,11,12.646,13.5,51.3,40.5,5.4774,2,4,7,49.82,3.48,4.78,1.17,0.994,23,26
1,Sedan,20,11,6.0,11,13.33,6.0,22.8,18.0,2.426175,3,10,19,40.23,2.87,4.72,0.99,0.991,21,25
1,SUV,16,8,13.5,3,12.682,13.5,51.3,40.5,13.009950000000002,2,7,15,16.79,0.64,4.79,1.24,0.911,19,21
5,Small,18,10,4.0,3,9.632,4.0,15.2,12.0,2.426175,1,18,23,15.15,0.73,4.78,1.13,0.914,21,23
4,Sedan,16,10,6.0,11,7.21,6.0,22.8,18.0,19.434825,2,9,15,38.56,3.34,4.73,1.13,0.992,21,24
5,SUV,17,7,13.5,7,8.101,13.5,51.3,40.5,0.685125,3,6,16,13.05,2.44,4.71,1.12,0.969,23,27
3,Small,17,8,5.0,3,12.665,4.0,15.2,11.0,2.426175,1,7,16,43.34,1.77,4.77,1.0,0.987,19,22
1,Small,20,8,4.0,11,11.479,4.0,15.2,12.0,5.4774,3,7,19,19.61,3.17,4.61,1.21,0.984,22,25
1,Sedan,19,8,6.0,7,8.067,6.0,22.8,18.0,19.434825,1,19,23,23.12,1.21,4.72,0.99,0.965,20,25
4,SUV,16,9,13.5,11,7.429,13.5,51.3,40.5,18.696825,1,8,15,32.11,1.83,4.63,1.17,0.983,23,26
4,Sedan,18,11,6.0,11,13.119,6.0,22.8,18.0,5.4774,3,18,23,29.4,2.37,4.74,1.01,0.986,23,27
1,Small,20,8,6.0,11,14.531,4.0,15.2,10.0,13.009950000000002,3,20,23,8.61,1.28,4.66,0.97,0.913,19,22
2,Small,19,7,4.0,7,10.746,4.0,15.2,12.0,3.42945,2,2,6,23.38,1.92,4.64,1.1,0.978,20,24
2,Sedan,20,9,6.0,3,6.548,6.0,22.8,18.0,18.696825,2,20,23,40.71,0.61,4.8,1.07,0.961,23,26
1,Truck,17,6,17.5,3,13.814,17.5,66.5,52.5,3.42945,3,17,23,26.67,2.56,4.77,1.13,0.985,22,24
2,Truck,16,9,17.5,3,7.194,17.5,66.5,52.5,0.685125,2,8,15,50.01,3.14,4.69,0.99,0.994,23,27
4,Small,18,9,4.0,7,10.19,4.0,15.2,12.0,3.42945,1,18,23,29.67,1.39,4.67,1.18,0.976,22,24
3,Small,20,6,4.0,7,6.136,4.0,15.2,12.0,13.009950000000002,2,5,7,38.23,3.28,4.78,0.97,0.992,20,25
4,Small,17,7,4.0,11,10.166,4.0,15.2,12.0,2.426175,1,6,16,11.68,2.2,4.68,1.08,0.962,22,25
4,Sedan,16,9,6.0,11,12.118,6.0,22.8,18.0,2.426175,1,16,23,8.33,3.03,4.67,1.09,0.961,20,23
4,Truck,19,8,17.5,7,13.266,17.5,66.5,52.5,3.42945,3,4,7,39.33,3.45,4.64,0.91,0.993,20,23
5,Truck,17,8,17.5,7,18.962,17.5,66.5,52.5,18.696825,2,7,16,48.45,0.95,4.75,0.91,0.979,23,28
1,Small,16,9,4.0,3,10.303,4.0,15.2,12.0,19.434825,1,5,8,17.6,3.07,4.62,0.98,0.982,20,25
2,Small,18,9,6.0,11,14.916,4.0,15.2,10.0,1.33605,3,8,17,24.29,1.18,4.61,1.1,0.966,21,25
5,Sedan,17,9,6.0,7,11.88,6.0,22.8,18.0,5.4774,1,17,23,28.69,1.67,4.72,1.14,0.979,23,25
2,Truck,17,11,17.5,3,8.856,17.5,66.5,52.5,3.42945,3,10,16,11.93,3.04,4.73,1.13,0.973,20,23
1,Small,17,8,5.0,7,14.51,4.0,15.2,11.0,3.42945,3,17,23,33.02,1.7,4.78,1.14,0.982,20,25
1,Sedan,17,8,6.0,7,5.504,6.0,22.8,18.0,18.696825,1,4,7,34.54,0.55,4.62,1.22,0.949,20,25
5,Small,18,7,5.0,11,13.495,4.0,15.2,11.0,1.33605,3,18,23,33.32,1.59,4.64,0.96,0.981,21,23
5,Sedan,21,8,6.0,7,9.999,6.0,22.8,18.0,0.685125,1,7,20,41.51,2.23,4.6,0.98,0.989,23,28
4,Sedan,17,7,7.0,11,15.39,6.0,22.8,17.0,3.42945,3,1,6,49.74,2.34,4.66,0.94,0.991,20,25
4,Sedan,18,11,6.0,7,12.851,6.0,22.8,18.0,1.33605,3,10,17,9.7,0.92,4.64,0.92,0.894,23,25
4,Sedan,18,9,6.0,7,9.019,6.0,22.8,18.0,2.426175,3,8,17,40.24,2.07,4.67,0.98,0.988,21,26
3,Small,22,7,4.0,3,11.077,4.0,15.2,12.0,19.434825,2,6,21,15.0,1.28,4.61,1.03,0.949,21,24
1,Small,20,9,4.0,7,7.942,4.0,15.2,12.0,5.4774,2,8,19,11.04,2.04,4.67,1.16,0.957,19,23
1,Small,17,7,5.0,3,12.797,4.0,15.2,11.0,2.426175,3,17,23,20.65,0.64,4.74,0.97,0.927,22,25
1,Small,20,7,4.0,3,11.303,4.0,15.2,12.0,13.009950000000002,2,20,23,34.0,0.52,4.64,1.21,0.945,23,26
5,SUV,20,9,13.5,11,8.173,13.5,51.3,40.5,1.33605,3,20,23,21.81,2.68,4.7,1.23,0.983,20,24
1,Small,19,8,5.0,7,14.01,4.0,15.2,11.0,0.685125,3,7,18,17.0,1.49,4.7,1.1,0.961,19,24
2,Small,18,6,6.0,3,15.652,4.0,15.2,10.0,5.4774,1,18,23,39.98,1.08,4.73,0.93,0.977,23,25
3,Truck,17,8,17.5,11,13.62,17.5,66.5,52.5,2.426175,1,17,23,22.94,2.77,4.78,1.2,0.984,21,24
5,Small,19,9,5.0,3,13.566,4.0,15.2,11.0,13.009950000000002,2,1,8,36.78,0.54,4.71,1.08,0.951,21,25
5,Sedan,18,9,6.0,11,11.788,6.0,22.8,18.0,1.33605,1,18,23,40.42,2.81,4.7,1.05,0.991,23,26
1,Sedan,17,7,6.0,7,14.816,6.0,22.8,18.0,5.4774,2,17,23,35.1,3.41,4.68,0.93,0.992,19,23
5,Small,18,10,4.0,11,8.96,4.0,15.2,12.0,13.009950000000002,2,4,9,28.47,1.27,4.73,0.98,0.973,23,25
1,Small,19,8,4.0,7,5.528,4.0,15.2,12.0,3.42945,2,19,23,9.64,2.12,4.8,1.19,0.952,23,25
3,Truck,21,9,17.5,3,4.887,17.5,66.5,52.5,3.42945,2,8,20,33.58,3.3,4.74,1.08,0.991,19,22
3,Small,19,9,4.0,3,9.613,4.0,15.2,12.0,13.009950000000002,1,2,8,32.63,1.91,4.62,0.92,0.984,21,24
5,Truck,20,9,17.5,11,2.638,17.5,66.5,52.5,18.696825,3,8,19,41.58,1.57,4.72,1.18,0.985,22,24
3,Sedan,20,6,6.0,7,10.484,6.0,22.8,18.0,2.426175,1,5,19,12.35,1.46,4.67,0.91,0.946,21,25
3,Truck,18,9,17.5,7,8.767,17.5,66.5,52.5,19.434825,1,18,23,32.8,2.76,4.61,1.03,0.989,20,23
1,SUV,18,8,13.5,3,7.895,13.5,51.3,40.5,2.426175,1,1,7,38.39,0.8,4.68,0.95,0.968,19,23
2,Sedan,19,7,6.0,7,9.673,6.0,22.8,18.0,5.4774,1,6,18,17.69,1.61,4.77,1.05,0.965,23,27
5,Sedan,22,8,6.0,11,11.005,6.0,22.8,18.0,1.33605,3,2,7,50.03,3.53,4.77,0.96,0.994,20,23
3,Small,17,9,5.0,11,12.462,4.0,15.2,11.0,18.696825,3,5,8,22.5,3.4,4.62,1.14,0.987,21,26
4,SUV,17,9,13.5,3,9.443,13.5,51.3,40.5,18.696825,1,8,16,21.39,2.77,4.68,1.23,0.983,22,24
2,Small,19,9,4.0,3,9.858,4.0,15.2,12.0,18.696825,2,8,18,31.2,1.0,4.62,0.92,0.968,21,24
3,Small,20,8,4.0,7,3.518,4.0,15.2,12.0,5.4774,2,20,23,31.78,1.91,4.77,1.15,0.984,23,28
2,Sedan,19,10,6.0,3,3.691,6.0,22.8,18.0,1.33605,1,19,23,40.58,2.27,4.71,0.98,0.989,21,25
3,Sedan,18,9,6.0,3,3.356,6.0,22.8,18.0,19.434825,1,5,8,40.79,3.36,4.64,1.19,0.993,21,24
1,SUV,20,9,13.5,11,4.658,13.5,51.3,40.5,19.434825,3,3,8,28.76,1.85,4.8,1.09,0.981,22,26
1,SUV,20,9,13.5,3,12.713,13.5,51.3,40.5,3.42945,2,8,19,37.49,2.97,4.68,1.08,0.991,21,23
3,Sedan,18,10,6.0,11,11.65,6.0,22.8,18.0,1.33605,3,6,9,19.24,3.57,4.6,1.22,0.986,22,24
1,Small,19,8,4.0,7,8.306,4.0,15.2,12.0,2.426175,2,7,18,39.09,2.13,4.65,1.07,0.988,20,25
2,Small,16,7,4.0,3,11.837,4.0,15.2,12.0,0.685125,1,16,23,33.27,3.49,4.69,0.95,0.991,23,28
2,SUV,19,8,13.5,7,5.736,13.5,51.3,40.5,0.685125,1,7,18,40.83,2.47,4.69,1.23,0.99,19,22
1,Small,17,7,4.0,11,7.671,4.0,15.2,12.0,19.434825,3,6,16,11.57,1.3,4.64,1.04,0.936,19,23
3,Sedan,17,9,6.0,11,4.82,6.0,22.8,18.0,5.4774,3,6,9,40.27,2.37,4.6,0.91,0.99,23,28
2,Truck,17,9,17.5,11,9.669,17.5,66.5,52.5,2.426175,1,5,8,15.91,0.5,4.76,1.23,0.882,21,25
3,SUV,17,7,13.5,7,5.434,13.5,51.3,40.5,5.4774,3,1,6,14.91,3.41,4.61,1.22,0.981,23,28
4,Sedan,18,9,6.0,7,8.829,6.0,22.8,18.0,19.434825,3,8,17,25.14,1.85,4.68,1.07,0.979,23,26
3,Small,19,7,6.0,11,15.334,4.0,15.2,10.0,19.434825,1,6,18,15.17,3.29,4.76,0.92,0.98,21,25
2,Small,20,7,4.0,7,7.845,4.0,15.2,12.0,3.42945,1,6,19,34.4,0.83,4.68,1.03,0.966,23,27
5,Small,18,8,5.0,7,12.66,4.0,15.2,11.0,18.696825,2,7,17,21.45,2.99,4.72,0.93,0.985,22,25
4,Small,16,7,4.0,11,9.487,4.0,15.2,12.0,2.426175,3,6,15,47.43,1.17,4.75,1.15,0.982,22,26
5,Small,22,10,4.0,7,6.798,4.0,15.2,12.0,13.009950000000002,1,4,9,48.07,2.02,4.72,1.25,0.99,22,27
2,Small,18,9,4.0,3,8.134,4.0,15.2,12.0,19.434825,1,8,17,37.03,2.67,4.73,0.9,0.99,22,25
5,Small,17,9,4.0,11,9.027,4.0,15.2,12.0,1.33605,2,17,23,8.83,1.33,4.73,1.07,0.918,21,26
3,Sedan,19,8,6.0,3,12.061,6.0,22.8,18.0,2.426175,1,19,23,35.81,1.12,4.78,1.17,0.975,19,22
2,Small,18,9,6.0,3,15.505,4.0,15.2,10.0,1.33605,2,8,17,49.56,1.18,4.66,1.0,0.983,19,22
5,Sedan,16,10,6.0,3,13.053,6.0,22.8,18.0,19.434825,3,3,9,42.82,1.68,4.73,1.15,0.986,22,24
5,Small,17,6,4.0,11,5.366,4.0,15.2,12.0,2.426175,2,5,16,14.68,2.24,4.7,1.05,0.97,19,22
4,SUV,18,11,13.5,7,9.956,13.5,51.3,40.5,18.696825,3,10,17,31.99,1.05,4.62,1.23,0.971,20,23
3,SUV,16,10,13.5,3,8.922,13.5,51.3,40.5,19.434825,3,9,15,13.28,2.16,4.65,1.11,0.966,19,22
4,SUV,19,8,13.5,7,9.058,13.5,51.3,40.5,0.685125,1,3,7,22.2,1.23,4.64,1.13,0.964,22,26
2,Small,17,8,4.0,11,9.6,4.0,15.2,12.0,19.434825,2,17,23,46.39,2.36,4.62,1.16,0.991,19,22
4,SUV,19,7,13.5,7,15.026,13.5,51.3,40.5,3.42945,1,6,18,26.24,2.58,4.62,1.17,0.985,22,24
4,Small,19,8,6.0,7,14.69,4.0,15.2,10.0,18.696825,1,1,7,35.54,1.49,4.67,0.91,0.981,19,22
5,Sedan,18,8,6.0,7,5.178,6.0,22.8,18.0,2.426175,3,6,9,22.58,2.54,4.79,1.22,0.983,21,26
3,Sedan,17,8,6.0,11,6.313,6.0,22.8,18.0,19.434825,3,17,23,23.77,2.34,4.77,1.04,0.982,23,26
4,Sedan,18,9,6.0,7,12.723,6.0,22.8,18.0,18.696825,2,7,9,17.56,1.19,4.77,1.03,0.953,19,21
2,Small,18,7,4.0,11,9.992,4.0,15.2,12.0,0.685125,3,18,23,10.04,1.24,4.72,1.03,0.923,23,28
4,SUV,19,6,13.5,7,12.684,13.5,51.3,40.5,19.434825,1,19,23,14.32,1.56,4.66,1.13,0.956,21,23
2,Truck,16,7,17.5,11,11.173,17.5,66.5,52.5,1.33605,3,4,7,37.82,1.38,4.66,1.17,0.981,20,22
1,Small,20,8,4.0,3,7.712,4.0,15.2,12.0,3.42945,2,20,23,46.81,3.08,4.72,1.2,0.993,23,27
4,Small,17,10,4.0,7,10.344,4.0,15.2,12.0,3.42945,3,17,23,16.65,2.87,4.65,0.98,0.979,20,25
3,Small,19,8,4.0,3,3.699,4.0,15.2,12.0,13.009950000000002,2,1,7,20.4,2.35,4.73,1.19,0.979,20,25
3,Small,17,9,4.0,3,11.868,4.0,15.2,12.0,3.42945,1,17,23,23.66,0.81,4.77,1.21,0.949,22,26
2,Small,19,8,4.0,7,9.389,4.0,15.2,12.0,0.685125,2,2,7,18.93,1.56,4.78,1.04,0.967,22,27
2,Sedan,21,7,6.0,3,8.383,6.0,22.8,18.0,13.009950000000002,3,6,20,33.82,2.19,4.63,1.0,0.987,23,28
2,Small,17,10,4.0,7,6.629,4.0,15.2,12.0,19.434825,1,1,9,29.54,1.45,4.73,1.07,0.977,20,23
1,Sedan,19,6,6.0,11,12.761,6.0,22.8,18.0,3.42945,3,5,18,39.39,2.85,4.64,1.16,0.991,20,23
3,SUV,16,8,13.5,7,16.156,13.5,51.3,40.5,0.685125,1,4,7,36.13,2.39,4.74,1.19,0.988,22,26
3,Small,18,10,4.0,3,3.036,4.0,15.2,12.0,1.33605,2,6,9,10.65,3.0,4.65,1.09,0.969,21,24
3,Small,19,7,4.0,7,9.034,4.0,15.2,12.0,13.009950000000002,1,19,23,34.38,3.12,4.74,0.98,0.991,20,24
1,Small,16,10,4.0,11,2.312,4.0,15.2,12.0,2.426175,2,7,9,45.32,0.85,4.68,1.12,0.974,22,25
3,Sedan,20,7,6.0,7,7.896,6.0,22.8,18.0,13.009950000000002,3,6,19,38.48,1.93,4.61,1.18,0.987,19,24
3,Small,16,11,4.0,11,9.348,4.0,15.2,12.0,0.685125,3,16,23,17.0,0.74,4.77,1.01,0.924,22,24
3,Small,18,9,4.0,7,10.205,4.0,15.2,12.0,1.33605,2,8,17,44.76,2.73,4.72,1.09,0.992,20,22
3,Small,19,7,4.0,3,7.122,4.0,15.2,12.0,18.696825,2,19,23,26.14,0.63,4.76,1.16,0.941,23,25
3,Sedan,17,7,6.0,7,6.824,6.0,22.8,18.0,0.685125,3,6,16,6.83,1.09,4.66,0.98,0.874,23,25
2,Sedan,19,9,6.0,11,5.933,6.0,22.8,18.0,0.685125,2,2,8,38.85,1.46,4.65,1.02,0.983,22,25
3,SUV,19,11,13.5,11,10.02,13.5,51.3,40.5,2.426175,2,5,10,26.28,2.58,4.63,1.04,0.985,23,27
1,Truck,21,10,17.5,11,10.271,17.5,66.5,52.5,1.33605,2,21,23,24.87,3.08,4.74,0.93,0.987,23,26
1,Sedan,18,10,6.0,3,9.538,6.0,22.8,18.0,2.426175,1,18,23,17.79,1.66,4.74,0.95,0.967,19,22
5,Small,17,9,5.0,7,12.77,4.0,15.2,11.0,2.426175,1,1,8,30.16,1.6,4.65,1.02,0.979,19,24
1,Small,21,7,4.0,7,7.194,4.0,15.2,12.0,2.426175,1,21,23,24.79,2.6,4.69,1.06,0.985,20,25
4,Sedan,18,9,6.0,3,11.822,6.0,22.8,18.0,18.696825,2,18,23,7.21,2.56,4.62,1.05,0.947,22,26
2,SUV,20,8,13.5,7,10.074,13.5,51.3,40.5,3.42945,2,7,19,14.7,1.97,4.66,0.94,0.966,20,22
4,Small,18,9,4.0,7,9.84,4.0,15.2,12.0,0.685125,2,4,8,28.81,1.72,4.77,1.22,0.98,19,21
1,Small,19,9,4.0,3,10.404,4.0,15.2,12.0,19.434825,3,4,8,13.21,2.04,4.7,0.95,0.964,22,24
3,Truck,19,7,17.5,7,9.648,17.5,66.5,52.5,0.685125,1,19,23,37.95,0.69,4.66,0.97,0.963,19,23
2,SUV,16,8,13.5,11,4.613,13.5,51.3,40.5,5.4774,2,6,8,35.71,2.27,4.65,1.17,0.988,19,23
3,Small,18,9,5.0,3,14.402,4.0,15.2,11.0,5.4774,2,3,8,36.25,2.01,4.65,1.19,0.986,22,26
2,SUV,17,8,13.5,3,3.029,13.5,51.3,40.5,2.426175,3,1,7,16.08,0.7,4.64,1.09,0.915,22,24
4,SUV,17,8,13.5,7,9.501,13.5,51.3,40.5,1.33605,1,17,23,29.54,1.98,4.67,1.04,0.983,21,23
3,Small,18,9,5.0,7,13.57,4.0,15.2,11.0,19.434825,1,8,17,7.49,1.04,4.73,1.07,0.88,22,27
1,Small,18,9,4.0,11,11.381,4.0,15.2,12.0,3.42945,3,3,8,27.68,1.36,4.71,1.11,0.974,22,26
5,Small,20,11,4.0,7,8.802,4.0,15.2,12.0,13.009950000000002,3,4,10,42.52,2.27,4.67,0.94,0.99,23,27
5,Small,17,9,4.0,3,6.713,4.0,15.2,12.0,3.42945,1,8,16,46.08,3.01,4.8,1.17,0.993,21,23
1,Truck,19,9,17.5,11,4.078,17.5,66.5,52.5,0.685125,1,4,8,38.46,2.96,4.72,1.21,0.991,22,24
1,Small,18,8,4.0,7,7.657,4.0,15.2,12.0,1.33605,1,7,17,14.7,1.19,4.72,1.13,0.944,21,25
5,Sedan,20,10,6.0,3,5.975,6.0,22.8,18.0,2.426175,2,9,11,48.29,3.13,4.71,1.12,0.993,20,23
2,Small,21,8,5.0,7,12.848,4.0,15.2,11.0,1.33605,3,3,7,6.75,3.39,4.75,1.09,0.957,22,25
5,Small,17,7,4.0,7,7.075,4.0,15.2,12.0,2.426175,2,17,23,9.61,1.51,4.69,1.09,0.933,21,24
5,Sedan,17,8,8.0,7,18.072,6.0,22.8,16.0,13.009950000000002,2,17,23,15.31,3.43,4.61,1.0,0.981,21,23
4,Small,20,9,4.0,7,7.702,4.0,15.2,12.0,18.696825,1,20,23,8.65,3.13,4.65,1.1,0.964,20,22
4,Sedan,18,10,6.0,3,9.775,6.0,22.8,18.0,0.685125,1,6,9,49.48,0.8,4.75,0.91,0.975,21,26
4,Small,19,8,5.0,11,12.085,4.0,15.2,11.0,18.696825,2,7,18,14.02,1.51,4.71,0.93,0.954,23,28
1,Small,16,10,5.0,3,12.191,4.0,15.2,11.0,0.685125,3,4,9,47.96,3.56,4.68,1.17,0.994,20,22
1,Small,16,8,5.0,11,13.902,4.0,15.2,11.0,2.426175,3,16,23,30.94,1.77,4.7,0.93,0.982,20,24
3,Small,18,10,5.0,3,12.311,4.0,15.2,11.0,13.009950000000002,2,3,9,7.54,0.93,4.6,1.07,0.867,22,26
4,Small,20,9,4.0,7,9.854,4.0,15.2,12.0,13.009950000000002,1,4,8,47.95,2.36,4.67,1.19,0.991,19,22
1,Small,18,7,4.0,7,5.347,4.0,15.2,12.0,13.009950000000002,3,18,23,40.13,2.35,4.65,1.01,0.989,19,21
1,Small,16,7,5.0,11,12.421,4.0,15.2,11.0,0.685125,2,6,15,39.39,3.32,4.76,1.13,0.992,23,27
5,Sedan,18,9,6.0,7,6.569,6.0,22.8,18.0,3.42945,3,8,17,30.81,3.02,4.65,1.06,0.989,21,24
1,Sedan,16,7,6.0,11,10.305,6.0,22.8,18.0,0.685125,3,6,15,18.14,1.31,4.68,1.23,0.959,21,24
1,SUV,18,7,13.5,3,9.112,13.5,51.3,40.5,18.696825,1,18,23,38.47,3.12,4.64,1.1,0.992,23,27
3,Small,18,8,4.0,7,8.358,4.0,15.2,12.0,19.434825,2,7,17,46.28,3.01,4.77,1.23,0.993,21,26
5,Sedan,19,11,6.0,3,9.758,6.0,22.8,18.0,2.426175,2,10,18,19.9,1.81,4.61,1.0,0.973,19,22
2,Small,16,6,4.0,3,7.865,4.0,15.2,12.0,2.426175,1,2,5,31.63,3.54,4.76,1.01,0.991,21,25
3,SUV,20,7,13.5,3,15.305,13.5,51.3,40.5,3.42945,1,6,19,16.46,3.08,4.74,1.1,0.98,21,26
1,Small,17,7,7.0,3,18.949,4.0,15.2,9.0,1.33605,3,6,9,34.36,2.59,4.62,1.13,0.989,21,25
2,Sedan,19,9,6.0,11,7.693,6.0,22.8,18.0,1.33605,2,6,8,44.95,1.67,4.66,1.16,0.987,20,22
3,Sedan,18,7,6.0,11,8.397,6.0,22.8,18.0,5.4774,1,18,23,41.36,3.26,4.79,0.99,0.993,19,23
4,Small,16,11,4.0,3,10.502,4.0,15.2,12.0,1.33605,3,16,23,28.37,2.16,4.75,0.99,0.984,22,24
5,Sedan,17,8,6.0,7,13.905,6.0,22.8,18.0,13.009950000000002,2,17,23,7.81,3.09,4.68,1.16,0.959,19,23
1,Small,18,11,4.0,7,8.436,4.0,15.2,12.0,19.434825,3,18,23,21.43,3.32,4.79,1.06,0.986,22,26
3,Truck,19,8,17.5,7,8.561,17.5,66.5,52.5,2.426175,1,7,18,38.95,3.08,4.68,1.05,0.992,19,21
4,Small,17,8,4.0,7,4.779,4.0,15.2,12.0,3.42945,3,4,7,9.99,2.15,4.74,1.23,0.955,19,22
2,Small,18,7,4.0,3,9.043,4.0,15.2,12.0,2.426175,2,18,23,20.29,1.38,4.77,1.07,0.965,22,26
3,Sedan,18,7,6.0,11,13.82,6.0,22.8,18.0,5.4774,2,18,23,12.87,1.4,4.6,1.08,0.946,22,24
2,Sedan,20,10,6.0,3,10.376,6.0,22.8,18.0,3.42945,2,7,9,22.86,2.24,4.67,1.19,0.981,21,24
1,Small,20,11,5.0,3,13.48,4.0,15.2,11.0,19.434825,3,8,11,33.31,0.83,4.75,1.04,0.964,23,25
4,Sedan,18,8,6.0,7,4.84,6.0,22.8,18.0,1.33605,1,1,7,46.65,3.52,4.68,1.21,0.994,20,22
2,Sedan,17,7,7.0,3,15.532,6.0,22.8,17.0,3.42945,1,6,16,31.38,0.69,4.77,1.1,0.955,23,28
5,SUV,16,8,13.5,11,8.12,13.5,51.3,40.5,13.009950000000002,1,16,23,46.17,0.51,4.71,1.02,0.958,19,23
1,Small,21,6,4.0,3,1.452,4.0,15.2,12.0,0.685125,1,5,6,39.08,3.12,4.74,1.16,0.992,22,26
1,Small,17,9,4.0,11,7.042,4.0,15.2,12.0,0.685125,3,17,23,30.5,0.81,4.79,1.03,0.96,19,22
3,SUV,18,6,13.5,11,11.164,13.5,51.3,40.5,3.42945,3,4,7,21.4,2.7,4.69,1.04,0.983,23,28
2,SUV,16,10,13.5,3,12.166,13.5,51.3,40.5,0.685125,1,6,9,6.71,1.47,4.65,1.0,0.904,19,21
2,Sedan,18,10,6.0,11,6.615,6.0,22.8,18.0,2.426175,3,9,17,49.25,1.29,4.65,1.03,0.984,19,23
2,SUV,19,10,13.5,11,2.462,13.5,51.3,40.5,3.42945,1,19,23,35.72,2.59,4.62,1.21,0.989,19,22
4,Sedan,19,6,6.0,7,9.081,6.0,22.8,18.0,2.426175,3,3,6,39.37,0.53,4.8,0.95,0.953,19,23
4,Small,19,8,4.0,7,5.096,4.0,15.2,12.0,1.33605,1,7,18,14.46,3.03,4.66,1.19,0.977,22,24
4,SUV,21,7,13.5,7,10.039,13.5,51.3,40.5,1.33605,2,6,20,18.88,2.97,4.6,1.18,0.982,21,25
5,Truck,19,8,17.5,11,9.871,17.5,66.5,52.5,0.685125,3,1,7,42.6,1.85,4.77,1.24,0.987,19,24
5,Sedan,18,9,6.0,3,10.909,6.0,22.8,18.0,1.33605,3,3,8,28.45,2.33,4.63,1.05,0.985,20,24
4,SUV,17,7,13.5,11,17.297,13.5,51.3,40.5,0.685125,3,4,7,9.34,2.82,4.69,1.0,0.963,19,22
3,Small,17,9,5.0,11,14.325,4.0,15.2,11.0,1.33605,2,8,16,45.35,1.61,4.61,1.06,0.986,19,23
3,SUV,20,9,13.5,7,15.334,13.5,51.3,40.5,3.42945,1,1,8,47.61,1.43,4.66,1.12,0.985,19,23
4,Sedan,20,8,6.0,11,10.031,6.0,22.8,18.0,0.685125,1,20,23,18.94,1.86,4.7,1.08,0.972,22,26
1,Small,19,10,4.0,3,10.019,4.0,15.2,12.0,3.42945,1,19,23,19.84,3.49,4.66,0.98,0.986,21,25
4,Small,19,10,4.0,3,11.21,4.0,15.2,12.0,13.009950000000002,1,9,18,27.1,3.48,4.71,1.11,0.989,19,21
2,SUV,19,8,13.5,11,6.923,13.5,51.3,40.5,13.009950000000002,1,5,7,37.7,1.36,4.72,0.92,0.981,20,25
3,Small,19,7,5.0,3,14.298,4.0,15.2,11.0,19.434825,3,19,23,32.1,1.4,4.62,1.0,0.978,19,21
4,SUV,16,10,13.5,3,5.914,13.5,51.3,40.5,18.696825,2,6,9,41.3,1.14,4.8,1.17,0.979,20,24
1,Truck,16,11,17.5,3,10.859,17.5,66.5,52.5,3.42945,1,9,10,8.28,1.01,4.65,0.93,0.887,21,23
5,Small,19,7,5.0,7,12.772,4.0,15.2,11.0,3.42945,3,19,23,13.34,1.61,4.69,1.12,0.955,21,23
5,Sedan,20,10,6.0,11,12.486,6.0,22.8,18.0,19.434825,3,7,10,28.27,2.08,4.71,1.22,0.983,22,27
1,Truck,19,7,17.5,3,10.576,17.5,66.5,52.5,18.696825,1,19,23,8.1,2.43,4.76,1.04,0.95,21,23
4,Sedan,18,9,6.0,7,6.171,6.0,22.8,18.0,5.4774,3,8,11,9.87,1.94,4.79,1.03,0.949,19,24
4,SUV,20,9,13.5,7,7.167,13.5,51.3,40.5,3.42945,3,7,10,49.87,2.13,4.76,1.09,0.991,23,27
4,Small,16,10,4.0,11,10.724,4.0,15.2,12.0,19.434825,2,16,23,31.26,1.6,4.61,1.23,0.98,19,23
4,SUV,19,8,13.5,3,10.837,13.5,51.3,40.5,5.4774,2,19,23,38.68,2.24,4.74,0.95,0.989,21,25
3,Small,18,8,4.0,3,6.657,4.0,15.2,12.0,0.685125,2,18,23,28.69,2.36,4.66,1.09,0.985,19,21
2,Small,19,8,4.0,11,11.563,4.0,15.2,12.0,19.434825,3,19,23,7.49,3.28,4.76,1.03,0.96,23,26
3,SUV,20,8,13.5,11,9.542,13.5,51.3,40.5,5.4774,1,4,7,41.39,0.93,4.68,1.02,0.974,23,25
1,SUV,17,6,13.5,3,6.918,13.5,51.3,40.5,1.33605,3,5,16,42.36,2.75,4.73,1.25,0.991,19,21
4,Sedan,16,8,6.0,11,8.504,6.0,22.8,18.0,1.33605,1,3,7,19.27,0.95,4.67,0.99,0.947,21,24
1,Small,17,7,5.0,3,13.662,4.0,15.2,11.0,5.4774,3,6,16,39.17,3.36,4.65,0.92,0.992,19,22
4,Truck,17,8,17.5,3,9.997,17.5,66.5,52.5,13.009950000000002,2,7,16,29.55,1.54,4.72,0.96,0.978,21,23
4,Small,18,7,4.0,3,3.414,4.0,15.2,12.0,3.42945,2,18,23,14.29,1.44,4.61,1.17,0.953,22,24
4,Sedan,17,8,7.0,3,16.931,6.0,22.8,17.0,0.685125,2,3,7,8.68,1.46,4.6,0.94,0.924,21,25
4,Truck,19,7,17.5,3,13.722,17.5,66.5,52.5,2.426175,1,19,23,18.57,1.38,4.71,0.97,0.962,19,21
5,Small,19,6,4.0,3,9.872,4.0,15.2,12.0,18.696825,3,5,18,38.33,1.62,4.79,1.09,0.984,23,27
3,SUV,20,7,13.5,11,8.585,13.5,51.3,40.5,3.42945,1,6,19,47.79,0.9,4.69,1.05,0.977,23,28
1,Small,17,7,4.0,3,6.934,4.0,15.2,12.0,1.33605,3,2,6,43.15,0.9,4.76,0.98,0.975,20,24
1,Small,18,9,5.0,7,12.099,4.0,15.2,11.0,0.685125,2,18,23,28.62,0.87,4.72,0.99,0.961,23,28
3,Sedan,18,8,6.0,3,13.467,6.0,22.8,18.0,18.696825,3,18,23,34.76,1.0,4.77,1.21,0.972,19,22
3,Sedan,18,7,6.0,3,12.528,6.0,22.8,18.0,5.4774,1,6,17,34.8,3.31,4.65,1.05,0.991,20,25
3,Sedan,20,7,6.0,7,11.886,6.0,22.8,18.0,2.426175,2,6,8,13.49,2.16,4.75,0.92,0.966,19,23
3,Sedan,18,8,6.0,7,9.266,6.0,22.8,18.0,3.42945,3,18,23,25.4,2.71,4.77,1.07,0.986,23,27
2,Small,17,9,4.0,3,7.612,4.0,15.2,12.0,3.42945,3,3,8,36.07,2.61,4.62,0.97,0.989,23,25
2,Small,19,7,4.0,7,7.765,4.0,15.2,12.0,2.426175,3,19,23,15.42,1.56,4.77,1.2,0.959,20,25
4,Truck,21,9,17.5,11,9.085,17.5,66.5,52.5,13.009950000000002,3,5,8,10.28,1.35,4.68,1.11,0.93,19,21
4,Small,18,10,4.0,7,11.606,4.0,15.2,12.0,19.434825,1,8,9,28.73,1.69,4.66,1.01,0.98,23,27
1,Small,18,7,4.0,3,7.917,4.0,15.2,12.0,13.009950000000002,3,18,23,22.9,1.73,4.69,1.02,0.975,19,21
4,Small,20,10,4.0,3,9.555,4.0,15.2,12.0,18.696825,1,20,23,15.8,2.33,4.79,1.09,0.973,22,25
2,SUV,19,10,13.5,11,6.086,13.5,51.3,40.5,13.009950000000002,3,9,18,30.56,0.94,4.61,1.2,0.966,22,24
3,Truck,20,7,17.5,3,11.113,17.5,66.5,52.5,18.696825,2,3,6,31.72,1.26,4.72,1.1,0.975,19,23
3,SUV,19,7,13.5,11,11.961,13.5,51.3,40.5,18.696825,2,2,6,15.9,3.41,4.71,0.95,0.982,22,27
3,Truck,20,10,17.5,7,1.333,17.5,66.5,52.5,18.696825,1,9,19,39.26,3.48,4.62,0.99,0.993,19,24
1,SUV,20,6,13.5,7,8.844,13.5,51.3,40.5,18.696825,2,20,23,43.0,3.28,4.63,1.03,0.993,23,28
4,SUV,19,8,13.5,11,3.07,13.5,51.3,40.5,2.426175,1,7,18,33.44,2.73,4.74,1.04,0.989,23,27
3,Truck,18,6,17.5,11,7.701,17.5,66.5,52.5,2.426175,1,18,23,14.13,1.61,4.8,1.07,0.957,22,27
4,Small,17,10,6.0,11,16.762,4.0,15.2,10.0,18.696825,3,9,16,31.44,0.57,4.79,1.07,0.946,23,25
2,Small,17,9,4.0,7,11.677,4.0,15.2,12.0,13.009950000000002,3,17,23,41.26,3.18,4.68,1.09,0.992,22,27
2,Truck,17,6,17.5,7,14.576,17.5,66.5,52.5,19.434825,3,2,5,10.19,0.89,4.61,1.03,0.896,23,28
4,SUV,21,7,13.5,3,7.761,13.5,51.3,40.5,2.426175,3,4,7,47.26,2.15,4.77,1.19,0.99,22,24
3,SUV,18,7,13.5,7,8.718,13.5,51.3,40.5,19.434825,2,6,17,24.95,1.27,4.8,1.17,0.969,20,25
4,Sedan,18,9,6.0,7,10.361,6.0,22.8,18.0,2.426175,2,18,23,9.44,2.01,4.65,1.18,0.949,19,24
1,Small,19,8,4.0,3,8.704,4.0,15.2,12.0,5.4774,3,3,7,9.03,1.27,4.68,1.04,0.916,22,26
2,Truck,21,11,17.5,7,8.34,17.5,66.5,52.5,13.009950000000002,1,21,23,22.1,2.43,4.71,0.96,0.982,22,26
4,SUV,21,6,13.5,3,10.24,13.5,51.3,40.5,13.009950000000002,3,5,20,46.24,1.7,4.66,1.1,0.987,19,21
3,SUV,22,7,13.5,7,11.876,13.5,51.3,40.5,3.42945,2,1,6,31.45,2.43,4.76,0.93,0.987,20,22
1,Sedan,19,7,6.0,11,9.289,6.0,22.8,18.0,3.42945,1,5,6,6.84,2.36,4.73,0.94,0.94,20,22
1,Small,20,8,5.0,11,13.12,4.0,15.2,11.0,13.009950000000002,1,7,19,36.53,1.71,4.64,0.99,0.984,21,26
3,Small,19,10,6.0,7,14.564,4.0,15.2,10.0,2.426175,2,4,9,31.34,1.47,4.74,0.98,0.979,22,25
3,Small,19,10,5.0,3,12.521,4.0,15.2,11.0,18.696825,1,7,9,34.78,1.58,4.79,1.23,0.982,19,23
2,Small,18,9,4.0,11,8.172,4.0,15.2,12.0,19.434825,2,8,17,10.41,3.48,4.79,1.14,0.973,21,26
2,Sedan,19,7,6.0,11,10.299,6.0,22.8,18.0,2.426175,1,6,18,20.32,3.0,4.65,1.07,0.984,23,27
1,Small,19,8,4.0,11,11.09,4.0,15.2,12.0,19.434825,2,19,23,44.62,1.3,4.74,0.92,0.983,22,25
1,SUV,19,8,13.5,11,5.839,13.5,51.3,40.5,2.426175,1,4,7,21.29,1.19,4.63,1.0,0.961,21,24
4,Small,17,10,4.0,11,11.518,4.0,15.2,12.0,18.696825,1,8,9,11.26,2.31,4.65,1.18,0.962,22,25
5,Sedan,20,10,6.0,7,11.169,6.0,22.8,18.0,2.426175,3,9,19,37.84,2.96,4.63,1.18,0.991,22,27
2,Small,20,9,4.0,3,10.154,4.0,15.2,12.0,1.33605,3,8,19,25.94,0.68,4.65,1.12,0.945,22,24
1,Small,17,9,4.0,7,10.27,4.0,15.2,12.0,2.426175,2,4,8,29.69,2.08,4.79,1.23,0.984,22,27
2,Small,17,8,4.0,7,11.06,4.0,15.2,12.0,1.33605,3,7,16,40.13,1.21,4.62,1.01,0.98,23,26
1,Sedan,17,8,6.0,3,12.796,6.0,22.8,18.0,5.4774,2,4,7,40.01,1.48,4.61,1.15,0.983,23,25
5,Sedan,20,11,6.0,11,11.958,6.0,22.8,18.0,18.696825,1,20,23,19.48,0.56,4.71,1.22,0.912,23,28
4,Small,16,10,4.0,3,11.53,4.0,15.2,12.0,3.42945,1,9,15,33.52,2.6,4.6,1.21,0.989,21,25
2,SUV,16,7,13.5,11,11.77,13.5,51.3,40.5,18.696825,3,3,6,25.08,1.96,4.72,1.06,0.98,21,26
3,Sedan,19,7,6.0,11,6.363,6.0,22.8,18.0,3.42945,2,6,18,7.87,1.29,4.65,1.07,0.906,21,23
5,Truck,21,10,17.5,11,9.361,17.5,66.5,52.5,1.33605,2,21,23,44.65,2.91,4.69,1.01,0.992,19,24
2,Small,19,10,4.0,11,10.242,4.0,15.2,12.0,2.426175,2,9,11,14.29,3.29,4.64,1.23,0.979,21,25
4,Small,20,8,4.0,7,10.23,4.0,15.2,12.0,19.434825,1,7,19,18.04,2.08,4.66,1.23,0.974,19,21
4,Small,21,6,4.0,7,8.618,4.0,15.2,12.0,0.685125,2,21,23,34.29,2.15,4.68,1.08,0.987,23,26
2,Sedan,19,11,6.0,11,11.77,6.0,22.8,18.0,1.33605,2,19,23,40.77,2.22,4.78,1.22,0.989,20,24
2,Sedan,17,8,6.0,11,9.797,6.0,22.8,18.0,2.426175,1,17,23,23.34,2.49,4.66,0.92,0.983,23,27
4,Sedan,19,8,6.0,3,8.98,6.0,22.8,18.0,2.426175,2,7,9,17.49,1.92,4.79,1.21,0.971,22,24
4,Small,17,7,5.0,7,12.196,4.0,15.2,11.0,0.685125,1,17,23,20.83,2.44,4.77,0.98,0.981,22,27
3,Sedan,19,9,6.0,7,10.928,6.0,22.8,18.0,1.33605,2,6,8,42.82,3.14,4.72,1.08,0.993,21,23
4,Truck,21,8,17.5,11,9.607,17.5,66.5,52.5,13.009950000000002,1,3,7,37.49,3.48,4.64,0.98,0.992,23,26
5,Sedan,19,7,7.0,3,17.033,6.0,22.8,17.0,3.42945,3,6,18,7.79,2.17,4.69,1.17,0.943,22,27
4,Small,17,8,5.0,7,12.025,4.0,15.2,11.0,18.696825,1,6,7,34.47,3.13,4.79,1.23,0.991,20,23
1,Sedan,18,9,6.0,3,3.957,6.0,22.8,18.0,2.426175,1,8,17,32.62,2.97,4.67,1.14,0.99,23,26
1,Sedan,16,8,6.0,11,12.342,6.0,22.8,18.0,18.696825,1,7,15,45.88,1.22,4.75,1.19,0.982,23,28
2,Small,21,8,4.0,11,11.674,4.0,15.2,12.0,19.434825,1,21,23,16.65,2.56,4.62,1.08,0.977,22,25
2,Sedan,21,9,6.0,3,9.219,6.0,22.8,18.0,18.696825,3,3,8,48.97,3.32,4.7,1.03,0.994,19,22
5,Small,18,9,4.0,11,10.401,4.0,15.2,12.0,1.33605,3,18,23,24.15,1.58,4.64,1.18,0.974,20,25
2,Small,16,11,4.0,11,6.715,4.0,15.2,12.0,3.42945,1,10,15,42.87,3.6,4.61,0.95,0.994,23,28
2,Sedan,17,10,6.0,7,12.177,6.0,22.8,18.0,3.42945,1,9,16,9.18,2.57,4.61,1.24,0.958,20,22
3,Sedan,19,8,6.0,7,5.026,6.0,22.8,18.0,13.009950000000002,2,6,8,40.34,1.31,4.62,1.06,0.981,19,21
3,Sedan,20,8,6.0,3,2.485,6.0,22.8,18.0,13.009950000000002,3,1,7,20.89,1.98,4.68,1.02,0.976,23,25
4,SUV,21,8,13.5,11,9.854,13.5,51.3,40.5,3.42945,2,4,7,36.0,1.38,4.79,0.96,0.98,20,22
5,Truck,20,9,17.5,11,12.239,17.5,66.5,52.5,0.685125,3,1,8,44.14,2.2,4.79,1.1,0.99,20,22
3,SUV,17,7,13.5,11,17.504,13.5,51.3,40.5,1.33605,3,6,16,26.08,3.03,4.78,0.95,0.987,20,25
1,Sedan,18,7,6.0,3,11.897,6.0,22.8,18.0,19.434825,1,18,23,30.84,3.58,4.78,1.17,0.991,20,23
3,Small,21,8,5.0,11,13.664,4.0,15.2,11.0,1.33605,1,6,7,42.76,0.82,4.76,1.04,0.972,19,23
4,Small,17,7,5.0,3,12.762,4.0,15.2,11.0,0.685125,3,17,23,38.0,2.24,4.72,1.13,0.988,21,24
2,Small,17,6,5.0,3,13.796,4.0,15.2,11.0,13.009950000000002,3,5,16,25.0,2.03,4.61,1.05,0.98,21,26
2,SUV,19,10,13.5,7,11.148,13.5,51.3,40.5,1.33605,3,8,11,7.5,3.49,4.7,1.18,0.963,19,23
1,Small,17,10,4.0,3,10.963,4.0,15.2,12.0,13.009950000000002,3,1,9,21.85,1.63,4.76,1.12,0.972,21,25
5,Small,18,9,4.0,11,9.807,4.0,15.2,12.0,19.434825,1,6,8,6.91,1.32,4.68,1.02,0.896,19,23
2,Small,17,6,4.0,3,1.056,4.0,15.2,12.0,13.009950000000002,2,5,7,47.89,0.87,4.8,1.23,0.976,21,23
1,Small,19,6,4.0,7,6.196,4.0,15.2,12.0,5.4774,2,5,18,8.32,1.81,4.77,1.13,0.936,23,26
4,Small,18,8,4.0,7,8.249,4.0,15.2,12.0,3.42945,1,1,7,22.36,3.04,4.68,1.07,0.985,20,22
4,SUV,18,9,13.5,7,9.81,13.5,51.3,40.5,19.434825,2,8,17,34.76,2.08,4.78,1.15,0.986,23,26
1,Small,19,7,5.0,11,12.978,4.0,15.2,11.0,18.696825,1,19,23,41.98,2.95,4.62,1.07,0.992,20,23
3,Small,17,8,4.0,3,8.587,4.0,15.2,12.0,1.33605,3,4,7,19.06,1.12,4.76,0.93,0.954,23,26
2,Small,18,9,4.0,11,6.219,4.0,15.2,12.0,18.696825,1,1,8,39.04,1.07,4.79,1.04,0.976,19,23
1,Small,19,11,4.0,3,10.464,4.0,15.2,12.0,18.696825,3,10,18,30.19,2.14,4.77,0.9,0.985,19,22
3,Small,18,7,4.0,3,7.763,4.0,15.2,12.0,1.33605,3,6,17,25.42,3.2,4.63,0.93,0.988,20,23
5,Sedan,18,7,6.0,11,11.141,6.0,22.8,18.0,13.009950000000002,2,18,23,18.3,0.69,4.8,0.97,0.924,22,25
2,Sedan,20,9,6.0,11,9.961,6.0,22.8,18.0,2.426175,1,20,23,14.22,0.98,4.62,1.05,0.931,19,23
4,Truck,19,7,17.5,3,8.817,17.5,66.5,52.5,19.434825,3,6,9,31.61,3.04,4.63,1.07,0.99,19,23
3,Small,20,9,4.0,11,7.253,4.0,15.2,12.0,5.4774,3,8,19,46.51,0.67,4.72,0.93,0.968,20,22
1,Sedan,17,9,6.0,3,9.981,6.0,22.8,18.0,1.33605,1,8,16,31.48,2.12,4.72,1.18,0.985,23,25
4,Small,21,8,4.0,7,11.777,4.0,15.2,12.0,3.42945,2,7,20,26.05,1.75,4.61,0.95,0.978,20,24
1,Small,18,10,5.0,11,13.061,4.0,15.2,11.0,19.434825,3,8,11,23.22,3.03,4.72,0.93,0.986,21,24
2,Truck,17,7,17.5,7,11.43,17.5,66.5,52.5,13.009950000000002,1,6,16,48.65,1.0,4.6,1.21,0.98,20,24
5,Small,17,8,4.0,3,7.024,4.0,15.2,12.0,2.426175,3,17,23,22.74,3.25,4.62,1.14,0.987,23,27
5,Sedan,20,8,6.0,3,9.053,6.0,22.8,18.0,3.42945,2,7,19,13.46,2.75,4.67,1.05,0.973,19,22
5,SUV,17,7,13.5,11,13.821,13.5,51.3,40.5,1.33605,1,17,23,49.39,0.55,4.79,0.95,0.964,22,27
2,Sedan,17,8,6.0,7,11.117,6.0,22.8,18.0,18.696825,1,7,16,29.54,2.6,4.71,1.04,0.987,19,24
1,Small,17,9,4.0,11,8.407,4.0,15.2,12.0,3.42945,3,8,16,44.55,2.77,4.67,1.02,0.992,19,22
4,Small,19,7,5.0,3,13.053,4.0,15.2,11.0,5.4774,2,6,8,11.04,3.59,4.64,1.01,0.975,22,27
4,SUV,17,11,13.5,7,11.856,13.5,51.3,40.5,18.696825,3,10,16,34.71,3.39,4.74,1.02,0.992,20,25
4,Small,20,11,5.0,11,14.364,4.0,15.2,11.0,18.696825,3,20,23,7.87,0.74,4.72,1.04,0.842,23,27
3,Small,19,9,4.0,11,9.737,4.0,15.2,12.0,1.33605,2,19,23,24.98,2.97,4.76,0.99,0.987,20,25
4,Small,17,7,5.0,11,11.963,4.0,15.2,11.0,0.685125,3,6,16,9.67,0.6,4.66,1.05,0.842,23,26
3,Small,17,7,4.0,11,9.121,4.0,15.2,12.0,18.696825,1,17,23,43.23,1.19,4.62,1.22,0.981,20,25
5,Small,18,9,6.0,11,14.608,4.0,15.2,10.0,13.009950000000002,3,3,8,27.78,1.58,4.68,1.22,0.977,19,23
2,Small,17,8,4.0,7,1.497,4.0,15.2,12.0,2.426175,3,2,7,49.14,1.53,4.67,1.09,0.987,22,24
1,Small,20,8,4.0,11,9.418,4.0,15.2,12.0,5.4774,2,7,19,16.56,3.31,4.76,1.23,0.982,19,24
3,SUV,19,8,13.5,11,7.012,13.5,51.3,40.5,13.009950000000002,2,7,18,18.66,2.34,4.78,1.01,0.977,22,27
4,Sedan,17,7,6.0,11,7.458,6.0,22.8,18.0,3.42945,2,17,23,24.01,2.31,4.6,0.9,0.982,21,26
1,Truck,21,8,17.5,11,9.938,17.5,66.5,52.5,1.33605,3,7,20,25.94,2.36,4.72,1.16,0.984,22,24
4,Small,21,9,4.0,11,10.655,4.0,15.2,12.0,5.4774,3,8,20,39.8,0.9,4.64,1.14,0.972,19,23
1,Small,19,8,4.0,3,9.424,4.0,15.2,12.0,13.009950000000002,2,19,23,19.88,3.32,4.72,0.94,0.985,21,26
5,Small,16,7,4.0,11,9.327,4.0,15.2,12.0,2.426175,1,6,15,12.64,2.81,4.71,1.08,0.972,22,26
5,Small,17,8,4.0,7,10.346,4.0,15.2,12.0,3.42945,2,7,9,38.1,3.23,4.65,1.0,0.992,22,24
1,Sedan,17,8,6.0,7,5.485,6.0,22.8,18.0,19.434825,1,1,7,14.12,1.21,4.62,1.09,0.943,19,24
5,Small,17,7,4.0,3,11.831,4.0,15.2,12.0,3.42945,1,6,7,44.71,0.63,4.68,1.11,0.965,21,24
1,Small,17,8,4.0,3,4.983,4.0,15.2,12.0,3.42945,1,17,23,33.7,0.88,4.74,0.92,0.967,21,23
2,Small,18,10,4.0,11,7.912,4.0,15.2,12.0,5.4774,3,2,9,32.84,0.73,4.71,1.07,0.959,19,23
2,Small,19,7,4.0,3,10.135,4.0,15.2,12.0,0.685125,3,6,18,11.8,3.06,4.64,1.15,0.973,22,26
5,Small,17,10,4.0,11,10.2,4.0,15.2,12.0,18.696825,3,9,12,47.57,2.34,4.65,1.07,0.991,19,23
1,Small,19,7,4.0,7,5.986,4.0,15.2,12.0,2.426175,3,6,18,46.16,2.42,4.68,1.2,0.991,20,24
5,SUV,18,10,13.5,11,10.036,13.5,51.3,40.5,0.685125,2,18,23,39.46,0.99,4.64,1.0,0.975,21,26
4,Sedan,18,9,7.0,7,16.872,6.0,22.8,17.0,13.009950000000002,3,8,17,14.26,1.43,4.6,0.94,0.952,20,22
4,Sedan,18,10,6.0,11,9.593,6.0,22.8,18.0,3.42945,3,18,23,9.2,1.72,4.8,1.07,0.939,23,27
5,SUV,17,11,13.5,3,13.74,13.5,51.3,40.5,19.434825,3,10,16,17.21,0.68,4.66,0.93,0.918,19,22
3,Truck,18,9,17.5,11,14.703,17.5,66.5,52.5,18.696825,3,18,23,47.07,2.45,4.61,1.2,0.991,20,23
4,SUV,20,8,13.5,11,16.9,13.5,51.3,40.5,19.434825,2,7,9,47.36,3.38,4.75,0.94,0.994,23,26
5,Sedan,17,7,6.0,3,9.573,6.0,22.8,18.0,5.4774,3,5,8,7.16,1.42,4.65,1.18,0.906,19,21
1,Small,17,7,4.0,7,8.017,4.0,15.2,12.0,19.434825,2,6,16,22.05,2.69,4.66,1.2,0.983,20,22
2,Small,17,8,4.0,3,5.923,4.0,15.2,12.0,18.696825,3,2,7,46.69,2.42,4.67,1.25,0.991,19,23
2,Sedan,17,7,7.0,11,16.844,6.0,22.8,17.0,0.685125,1,6,16,23.23,1.78,4.63,1.07,0.976,22,26
3,Small,19,7,4.0,11,11.052,4.0,15.2,12.0,1.33605,2,5,7,17.66,1.61,4.79,0.94,0.965,19,22
3,Sedan,18,10,6.0,3,7.167,6.0,22.8,18.0,5.4774,3,9,17,19.49,2.67,4.64,1.11,0.981,20,25
1,Small,21,6,5.0,3,12.965,4.0,15.2,11.0,13.009950000000002,2,5,7,30.03,3.36,4.68,1.09,0.99,21,24
5,Small,16,10,6.0,11,15.568,4.0,15.2,10.0,5.4774,3,16,23,30.3,2.06,4.61,1.19,0.984,19,24
1,Small,19,10,4.0,3,9.947,4.0,15.2,12.0,18.696825,1,19,23,25.59,0.76,4.64,1.15,0.95,23,25
4,Truck,18,8,17.5,3,9.796,17.5,66.5,52.5,0.685125,3,18,23,22.24,0.53,4.72,1.09,0.919,23,25
5,Sedan,18,6,6.0,7,3.003,6.0,22.8,18.0,1.33605,1,5,17,29.6,2.62,4.64,1.03,0.987,22,27
3,Truck,20,7,17.5,3,6.479,17.5,66.5,52.5,18.696825,1,20,23,27.01,2.82,4.73,1.06,0.987,19,22
2,SUV,16,8,13.5,11,11.174,13.5,51.3,40.5,3.42945,1,7,15,39.73,2.08,4.67,1.14,0.988,21,23
4,SUV,17,8,13.5,3,14.106,13.5,51.3,40.5,1.33605,3,3,7,37.1,1.12,4.62,1.03,0.976,19,24
4,SUV,19,7,13.5,3,10.03,13.5,51.3,40.5,0.685125,3,6,18,29.65,2.02,4.66,1.08,0.983,20,23
1,SUV,16,10,13.5,3,8.317,13.5,51.3,40.5,2.426175,1,4,9,10.84,1.52,4.7,0.92,0.941,22,24
4,Small,17,10,4.0,7,7.095,4.0,15.2,12.0,1.33605,3,17,23,12.96,1.72,4.77,0.95,0.956,23,26
2,Sedan,16,10,6.0,7,11.035,6.0,22.8,18.0,3.42945,1,16,23,19.24,2.35,4.7,1.0,0.978,19,22
1,Truck,18,10,17.5,7,6.247,17.5,66.5,52.5,1.33605,1,9,17,26.77,0.88,4.7,1.15,0.958,23,27
4,Truck,17,6,17.5,7,6.909,17.5,66.5,52.5,3.42945,1,5,16,31.63,2.74,4.72,0.94,0.989,21,23
5,Small,16,8,4.0,7,5.312,4.0,15.2,12.0,13.009950000000002,1,7,15,43.64,2.36,4.71,1.19,0.99,19,21
5,Truck,19,7,17.5,11,9.986,17.5,66.5,52.5,19.434825,3,6,18,20.2,2.51,4.8,1.09,0.98,23,27
1,Small,17,9,4.0,3,4.448,4.0,15.2,12.0,13.009950000000002,3,8,16,7.87,1.51,4.63,0.99,0.919,20,24
1,SUV,20,6,13.5,3,4.725,13.5,51.3,40.5,19.434825,1,20,23,29.72,1.17,4.66,1.2,0.972,22,27
5,Small,19,11,4.0,7,10.787,4.0,15.2,12.0,2.426175,2,10,18,16.27,1.77,4.66,0.96,0.966,21,23
1,Sedan,19,9,6.0,11,10.614,6.0,22.8,18.0,18.696825,3,8,18,31.97,3.01,4.79,0.99,0.99,21,23
3,Sedan,17,9,6.0,7,14.161,6.0,22.8,18.0,19.434825,3,7,10,44.07,2.6,4.71,0.91,0.991,23,25
1,Sedan,17,9,7.0,11,15.37,6.0,22.8,17.0,1.33605,2,17,23,47.98,2.77,4.7,1.2,0.993,20,25
4,Small,19,8,4.0,3,9.317,4.0,15.2,12.0,2.426175,2,7,18,28.29,2.64,4.76,1.2,0.987,19,21
4,Small,18,7,5.0,11,14.362,4.0,15.2,11.0,18.696825,3,18,23,42.79,2.03,4.8,1.2,0.989,21,24
4,Sedan,19,9,6.0,7,10.973,6.0,22.8,18.0,1.33605,3,8,18,43.96,1.24,4.62,1.2,0.982,23,28
5,SUV,17,6,13.5,7,11.462,13.5,51.3,40.5,1.33605,2,17,23,38.15,2.76,4.76,1.04,0.991,20,22
4,SUV,18,6,13.5,11,10.688,13.5,51.3,40.5,18.696825,3,5,17,7.82,1.18,4.73,1.25,0.897,20,25
5,Small,19,7,4.0,3,10.63,4.0,15.2,12.0,5.4774,3,3,6,13.39,1.96,4.72,1.0,0.963,19,23
2,Small,18,11,4.0,7,8.307,4.0,15.2,12.0,0.685125,1,6,10,9.08,0.9,4.75,1.08,0.885,23,27
4,Small,17,11,4.0,7,6.679,4.0,15.2,12.0,19.434825,1,10,16,17.65,1.79,4.67,1.04,0.969,20,23
5,SUV,16,8,13.5,7,7.383,13.5,51.3,40.5,1.33605,3,7,15,49.07,3.22,4.71,1.01,0.994,22,24
5,Small,17,9,4.0,3,5.471,4.0,15.2,12.0,5.4774,3,17,23,45.12,3.0,4.62,1.2,0.993,21,26
4,Small,19,8,4.0,3,7.556,4.0,15.2,12.0,5.4774,2,6,8,19.97,3.11,4.69,1.07,0.984,21,26
5,Sedan,18,7,6.0,3,10.402,6.0,22.8,18.0,18.696825,2,6,17,40.71,1.99,4.75,0.93,0.988,20,25
4,SUV,20,8,13.5,11,9.645,13.5,51.3,40.5,3.42945,2,20,23,31.89,3.56,4.69,1.13,0.991,22,24
2,Small,18,8,4.0,7,9.443,4.0,15.2,12.0,19.434825,1,6,7,18.66,3.54,4.77,1.07,0.985,22,26
3,Sedan,20,9,6.0,3,11.955,6.0,22.8,18.0,2.426175,2,8,19,36.57,1.75,4.78,1.04,0.984,20,22
1,SUV,19,9,13.5,11,11.022,13.5,51.3,40.5,1.33605,2,19,23,27.21,3.37,4.62,0.93,0.989,20,22
1,SUV,20,9,13.5,11,11.168,13.5,51.3,40.5,0.685125,2,20,23,45.55,2.34,4.74,0.95,0.991,20,24
4,Small,18,7,4.0,3,9.539,4.0,15.2,12.0,18.696825,3,4,7,23.85,2.15,4.7,1.02,0.981,19,21
5,Sedan,20,7,6.0,11,7.198,6.0,22.8,18.0,2.426175,2,3,6,37.81,1.73,4.77,1.13,0.985,21,24
2,SUV,20,7,13.5,11,7.572,13.5,51.3,40.5,13.009950000000002,3,20,23,30.41,0.65,4.77,1.23,0.951,19,22
2,Small,19,7,4.0,7,10.261,4.0,15.2,12.0,18.696825,1,6,18,11.88,1.24,4.69,0.92,0.934,21,25
3,Small,18,11,4.0,7,5.958,4.0,15.2,12.0,19.434825,1,18,23,24.02,2.44,4.74,1.11,0.983,19,22
5,Truck,20,10,17.5,11,10.829,17.5,66.5,52.5,13.009950000000002,2,8,10,24.43,3.22,4.66,1.1,0.987,20,24
1,Small,21,6,5.0,11,12.057,4.0,15.2,11.0,19.434825,2,3,5,30.8,2.06,4.7,1.03,0.984,21,26
4,SUV,22,6,13.5,7,15.713,13.5,51.3,40.5,3.42945,1,5,21,47.01,3.48,4.7,1.14,0.994,20,24
4,SUV,19,8,13.5,11,10.785,13.5,51.3,40.5,19.434825,1,19,23,7.11,1.13,4.69,1.17,0.883,19,22
1,Small,17,7,4.0,11,11.103,4.0,15.2,12.0,18.696825,2,5,7,48.31,2.33,4.65,1.02,0.991,22,24
3,Truck,17,10,17.5,11,6.159,17.5,66.5,52.5,18.696825,2,9,16,24.76,1.1,4.63,0.99,0.964,19,21
1,SUV,20,11,13.5,3,16.877,13.5,51.3,40.5,0.685125,1,10,19,40.02,1.21,4.61,1.06,0.98,19,22
4,Sedan,18,6,6.0,7,8.496,6.0,22.8,18.0,3.42945,2,18,23,7.17,1.94,4.78,1.02,0.931,19,24
3,Sedan,16,7,6.0,7,6.199,6.0,22.8,18.0,13.009950000000002,3,16,23,33.27,1.62,4.74,1.08,0.982,22,24
2,Small,19,7,4.0,11,7.634,4.0,15.2,12.0,18.696825,1,6,18,21.37,1.04,4.73,0.93,0.956,21,25
5,Truck,16,10,17.5,3,14.382,17.5,66.5,52.5,2.426175,1,9,10,34.6,3.45,4.75,1.08,0.992,23,25
5,Truck,18,6,17.5,11,17.637,17.5,66.5,52.5,18.696825,2,5,17,8.82,2.88,4.71,1.2,0.961,19,21
1,Small,18,7,4.0,3,10.906,4.0,15.2,12.0,2.426175,1,5,6,43.97,0.85,4.7,1.06,0.974,23,26
3,Small,16,9,4.0,7,9.008,4.0,15.2,12.0,0.685125,3,16,23,16.77,3.02,4.67,0.92,0.98,20,23
1,Small,18,6,5.0,11,12.784,4.0,15.2,11.0,19.434825,2,5,17,27.55,0.53,4.62,0.96,0.934,19,21
5,Small,16,10,6.0,3,14.71,4.0,15.2,10.0,1.33605,3,4,9,29.83,1.18,4.64,1.11,0.972,22,27
4,Small,19,10,5.0,7,12.133,4.0,15.2,11.0,13.009950000000002,3,6,9,18.51,1.34,4.7,1.15,0.96,21,23
3,Small,17,6,4.0,11,10.24,4.0,15.2,12.0,13.009950000000002,3,3,6,33.2,2.72,4.8,1.24,0.989,23,27
3,Small,16,8,4.0,3,5.741,4.0,15.2,12.0,1.33605,2,16,23,34.17,1.95,4.7,0.96,0.985,20,24
3,SUV,17,9,13.5,3,4.737,13.5,51.3,40.5,13.009950000000002,3,8,11,28.78,0.6,4.72,1.18,0.944,21,25
5,SUV,21,8,13.5,3,15.004,13.5,51.3,40.5,5.4774,3,6,9,8.28,1.51,4.76,0.99,0.923,19,24
2,SUV,19,9,13.5,11,12.749,13.5,51.3,40.5,18.696825,2,8,18,49.74,0.91,4.61,1.07,0.978,21,24
5,Small,20,8,4.0,7,7.624,4.0,15.2,12.0,5.4774,3,7,19,42.81,1.45,4.76,1.13,0.984,23,26
2,Small,16,7,4.0,7,9.588,4.0,15.2,12.0,18.696825,1,6,15,14.15,1.67,4.69,1.03,0.959,21,25
3,SUV,18,8,13.5,3,14.161,13.5,51.3,40.5,19.434825,1,18,23,38.42,1.82,4.67,1.08,0.986,23,26
2,Small,18,9,4.0,3,8.698,4.0,15.2,12.0,1.33605,2,7,9,43.43,1.0,4.62,1.11,0.977,23,26
3,Small,18,9,4.0,7,8.164,4.0,15.2,12.0,5.4774,2,8,17,27.99,2.0,4.6,0.97,0.982,19,21
2,Small,17,7,7.0,11,17.253,4.0,15.2,9.0,1.33605,1,6,16,38.58,0.55,4.65,1.11,0.954,20,24
1,Small,18,9,4.0,3,9.267,4.0,15.2,12.0,5.4774,3,18,23,10.28,0.79,4.76,0.99,0.884,20,22
5,Small,18,10,4.0,7,8.817,4.0,15.2,12.0,19.434825,3,9,17,24.29,3.0,4.69,1.1,0.986,22,27
1,Sedan,18,8,6.0,3,9.515,6.0,22.8,18.0,13.009950000000002,3,18,23,9.19,1.25,4.64,1.02,0.917,23,28
1,Sedan,17,10,6.0,11,3.361,6.0,22.8,18.0,19.434825,1,9,16,14.35,2.72,4.78,1.18,0.975,21,24
1,Small,20,7,5.0,11,13.249,4.0,15.2,11.0,3.42945,3,6,9,26.23,2.24,4.76,1.1,0.983,20,23
5,Small,18,11,4.0,3,11.089,4.0,15.2,12.0,5.4774,1,10,17,38.62,2.74,4.6,1.21,0.991,19,22
2,Small,21,9,4.0,11,11.84,4.0,15.2,12.0,2.426175,1,3,8,22.28,2.91,4.69,1.21,0.985,23,27
4,Sedan,16,10,6.0,7,7.454,6.0,22.8,18.0,3.42945,2,16,23,44.87,2.2,4.71,1.01,0.99,22,24
3,Sedan,21,9,7.0,7,17.236,6.0,22.8,17.0,19.434825,3,5,8,32.45,3.32,4.8,1.08,0.991,21,23
3,Small,19,7,4.0,7,8.708,4.0,15.2,12.0,13.009950000000002,1,6,7,40.59,3.19,4.71,1.05,0.992,19,21
1,Truck,16,6,17.5,7,12.222,17.5,66.5,52.5,18.696825,2,5,7,27.63,2.24,4.71,1.15,0.984,21,26
1,SUV,19,8,13.5,11,14.342,13.5,51.3,40.5,2.426175,3,7,18,37.93,2.62,4.63,1.07,0.99,20,24
3,SUV,18,7,13.5,3,10.721,13.5,51.3,40.5,18.696825,2,4,6,36.64,2.72,4.6,0.95,0.99,21,23
5,Small,17,8,5.0,7,12.586,4.0,15.2,11.0,18.696825,3,7,16,19.39,1.66,4.71,1.18,0.969,20,22
4,Sedan,18,9,6.0,7,14.031,6.0,22.8,18.0,5.4774,2,1,8,20.09,3.56,4.75,1.07,0.986,23,28
3,Small,18,8,5.0,3,13.597,4.0,15.2,11.0,1.33605,1,18,23,31.69,3.5,4.61,1.2,0.991,21,24
3,Truck,20,8,17.5,11,9.358,17.5,66.5,52.5,2.426175,2,20,23,45.36,0.91,4.64,1.17,0.976,21,23
2,Small,19,7,4.0,3,10.824,4.0,15.2,12.0,0.685125,3,19,23,27.69,0.77,4.62,1.02,0.954,20,23
3,Truck,19,10,17.5,11,16.737,17.5,66.5,52.5,5.4774,1,6,9,31.56,0.7,4.8,1.14,0.956,19,21
1,SUV,19,7,13.5,3,10.338,13.5,51.3,40.5,3.42945,2,6,18,35.94,2.13,4.62,1.24,0.987,22,24
4,Small,16,8,6.0,3,15.433,4.0,15.2,10.0,18.696825,1,4,7,25.48,1.48,4.77,0.92,0.974,21,24
3,Sedan,19,9,6.0,11,11.429,6.0,22.8,18.0,0.685125,1,3,8,21.49,0.62,4.66,0.97,0.928,22,24
3,Small,18,10,6.0,11,16.14,4.0,15.2,10.0,1.33605,3,3,9,32.49,2.23,4.64,1.1,0.986,21,25
4,Small,17,10,4.0,7,10.851,4.0,15.2,12.0,18.696825,3,9,16,43.7,2.33,4.65,1.21,0.99,22,26
5,Small,21,9,5.0,11,12.08,4.0,15.2,11.0,3.42945,3,8,11,28.07,2.18,4.8,0.95,0.984,20,25
1,Small,19,7,6.0,7,15.707,4.0,15.2,10.0,18.696825,1,19,23,13.32,1.82,4.7,0.98,0.96,23,26
2,Small,17,8,4.0,7,8.696,4.0,15.2,12.0,19.434825,2,17,23,34.88,1.58,4.66,1.25,0.982,21,26
2,SUV,18,10,13.5,7,11.439,13.5,51.3,40.5,19.434825,3,9,17,13.75,0.79,4.78,1.24,0.912,22,24
1,Small,17,7,4.0,11,6.336,4.0,15.2,12.0,3.42945,3,17,23,40.22,2.72,4.67,1.09,0.991,22,25
3,Small,16,9,4.0,11,4.7,4.0,15.2,12.0,1.33605,1,16,23,48.36,0.75,4.67,1.23,0.973,19,24
2,Small,18,11,4.0,7,9.731,4.0,15.2,12.0,2.426175,1,18,23,39.1,3.12,4.66,1.23,0.992,23,25
1,Small,20,8,5.0,3,12.338,4.0,15.2,11.0,3.42945,3,7,19,48.75,0.89,4.79,0.92,0.977,22,26
5,Small,20,8,5.0,7,12.843,4.0,15.2,11.0,18.696825,3,7,19,15.45,3.59,4.69,0.97,0.982,22,24
3,Truck,17,9,17.5,11,6.233,17.5,66.5,52.5,2.426175,1,8,9,18.93,1.96,4.79,1.01,0.973,22,25
5,Small,19,8,4.0,3,8.947,4.0,15.2,12.0,3.42945,2,7,18,15.79,2.8,4.63,1.14,0.978,19,21
2,Sedan,21,7,6.0,3,8.627,6.0,22.8,18.0,18.696825,1,6,20,21.45,2.15,4.79,1.24,0.979,20,22
2,Sedan,20,8,8.0,7,17.886,6.0,22.8,16.0,0.685125,2,1,7,20.18,2.46,4.64,0.92,0.98,19,23
3,SUV,19,10,13.5,7,12.129,13.5,51.3,40.5,2.426175,1,1,9,33.42,2.48,4.62,1.14,0.988,20,23
4,Sedan,18,10,6.0,11,14.5,6.0,22.8,18.0,18.696825,2,7,9,26.31,3.29,4.61,1.02,0.989,20,24
2,Sedan,16,7,6.0,11,9.578,6.0,22.8,18.0,3.42945,3,2,6,13.13,2.15,4.77,1.0,0.965,22,25
1,Small,18,8,5.0,3,12.702,4.0,15.2,11.0,2.426175,2,2,7,39.27,1.27,4.68,1.24,0.98,19,24
5,Truck,18,7,17.5,7,13.23,17.5,66.5,52.5,1.33605,2,3,6,13.24,1.36,4.72,1.02,0.946,19,21
4,Small,18,11,4.0,11,7.914,4.0,15.2,12.0,19.434825,3,10,17,27.58,2.94,4.77,0.91,0.988,20,24
4,Small,17,6,4.0,7,7.001,4.0,15.2,12.0,3.42945,1,5,16,15.54,2.37,4.75,0.97,0.973,23,26
1,Sedan,20,9,6.0,11,12.248,6.0,22.8,18.0,18.696825,1,20,23,15.65,1.02,4.75,1.08,0.939,21,24
1,Small,20,10,4.0,7,1.316,4.0,15.2,12.0,18.696825,3,9,19,41.16,1.28,4.77,1.03,0.981,23,26
4,Small,19,10,4.0,7,7.082,4.0,15.2,12.0,5.4774,2,1,9,19.8,2.71,4.74,0.99,0.982,22,27
4,Small,22,7,4.0,11,10.422,4.0,15.2,12.0,5.4774,2,6,8,44.43,2.84,4.73,1.08,0.992,23,25
4,Truck,19,7,17.5,11,10.667,17.5,66.5,52.5,5.4774,2,6,18,45.71,3.16,4.61,0.97,0.993,21,26
4,Small,19,7,4.0,7,7.494,4.0,15.2,12.0,5.4774,3,3,6,45.33,3.54,4.6,1.15,0.994,20,25
5,Sedan,18,8,6.0,3,9.883,6.0,22.8,18.0,1.33605,1,18,23,30.53,2.12,4.62,0.95,0.985,20,24
3,Truck,19,9,17.5,11,8.242,17.5,66.5,52.5,2.426175,1,5,8,20.19,1.69,4.68,1.03,0.971,23,28
2,SUV,17,11,13.5,11,18.955,13.5,51.3,40.5,13.009950000000002,3,10,16,45.58,3.18,4.69,1.03,0.993,19,23
5,SUV,20,9,13.5,11,9.672,13.5,51.3,40.5,18.696825,2,8,19,28.74,3.19,4.64,0.95,0.989,23,26
4,Truck,17,11,17.5,3,3.755,17.5,66.5,52.5,1.33605,1,10,16,34.78,3.26,4.72,0.96,0.991,23,27
5,Small,18,10,4.0,11,8.148,4.0,15.2,12.0,5.4774,3,8,11,31.48,2.86,4.71,0.91,0.989,20,23
3,Small,18,11,4.0,11,8.043,4.0,15.2,12.0,5.4774,2,10,17,34.03,2.1,4.77,0.99,0.986,23,27
3,SUV,19,7,13.5,7,7.155,13.5,51.3,40.5,0.685125,3,2,6,7.52,3.54,4.79,1.09,0.963,23,25
2,Small,18,7,4.0,7,4.476,4.0,15.2,12.0,18.696825,3,18,23,13.31,3.2,4.74,1.16,0.977,22,27
1,Sedan,16,9,6.0,7,7.864,6.0,22.8,18.0,19.434825,1,16,23,19.57,1.6,4.71,1.11,0.969,22,24
4,SUV,22,10,13.5,11,10.91,13.5,51.3,40.5,0.685125,2,6,9,18.18,3.59,4.66,1.0,0.985,20,23
1,Small,18,10,4.0,7,11.33,4.0,15.2,12.0,0.685125,1,18,23,48.33,0.91,4.76,1.1,0.978,21,25
1,Small,16,7,4.0,3,8.11,4.0,15.2,12.0,5.4774,2,6,15,29.15,3.34,4.68,0.94,0.99,22,27
2,SUV,18,7,13.5,11,1.148,13.5,51.3,40.5,18.696825,1,18,23,9.22,1.47,4.64,1.22,0.929,21,25
5,Sedan,17,8,6.0,7,10.57,6.0,22.8,18.0,3.42945,2,7,16,37.34,3.35,4.8,1.13,0.992,19,24
5,SUV,16,8,13.5,7,10.69,13.5,51.3,40.5,3.42945,2,1,7,49.86,1.8,4.64,1.22,0.989,22,26
1,Small,18,7,5.0,11,14.075,4.0,15.2,11.0,3.42945,3,4,7,42.32,3.18,4.63,1.06,0.993,22,27
1,Sedan,17,10,6.0,3,5.795,6.0,22.8,18.0,3.42945,1,17,23,33.91,3.48,4.76,0.94,0.992,20,22
1,Truck,21,7,17.5,3,8.433,17.5,66.5,52.5,18.696825,2,6,8,40.15,2.08,4.61,1.22,0.988,19,22
1,Small,19,9,4.0,3,11.033,4.0,15.2,12.0,3.42945,1,4,8,29.68,2.06,4.67,1.17,0.984,23,27
3,SUV,18,8,13.5,3,7.297,13.5,51.3,40.5,3.42945,2,18,23,9.52,2.67,4.71,0.95,0.961,22,25
2,Small,19,9,7.0,11,19.6,4.0,15.2,9.0,18.696825,2,19,23,49.32,0.52,4.67,1.04,0.962,22,27
5,SUV,18,9,13.5,11,9.565,13.5,51.3,40.5,18.696825,2,18,23,41.14,2.12,4.79,1.21,0.989,21,23
1,Sedan,17,8,6.0,11,9.348,6.0,22.8,18.0,13.009950000000002,3,7,16,33.5,2.93,4.71,1.02,0.99,20,22
2,Sedan,17,9,6.0,7,12.971,6.0,22.8,18.0,0.685125,2,17,23,44.13,2.16,4.6,1.15,0.99,19,23
5,Small,20,8,4.0,11,9.399,4.0,15.2,12.0,5.4774,3,7,19,48.62,1.61,4.62,1.04,0.987,22,24
5,Sedan,18,10,6.0,11,8.967,6.0,22.8,18.0,2.426175,1,18,23,23.14,1.18,4.68,1.18,0.964,20,25
5,Small,21,8,5.0,7,12.356,4.0,15.2,11.0,18.696825,3,1,7,49.64,1.98,4.65,1.17,0.99,20,24
5,Small,20,9,4.0,7,11.699,4.0,15.2,12.0,3.42945,3,20,23,13.28,1.76,4.76,0.99,0.958,20,25
2,Small,19,9,4.0,7,9.203,4.0,15.2,12.0,18.696825,1,7,8,24.23,2.47,4.73,0.94,0.983,22,26
4,Truck,20,8,17.5,11,12.06,17.5,66.5,52.5,0.685125,1,7,19,11.63,2.39,4.7,1.09,0.965,20,22
3,Truck,21,6,17.5,11,14.109,17.5,66.5,52.5,5.4774,2,21,23,33.66,3.08,4.72,0.95,0.99,23,25
3,Small,16,8,4.0,11,6.224,4.0,15.2,12.0,13.009950000000002,1,2,7,47.78,0.73,4.8,1.21,0.972,21,26
1,Sedan,17,9,6.0,3,14.318,6.0,22.8,18.0,18.696825,1,1,8,25.99,0.7,4.62,0.98,0.947,20,22
1,Small,18,9,4.0,11,10.293,4.0,15.2,12.0,1.33605,3,18,23,33.15,3.25,4.67,1.08,0.991,20,22
3,Truck,21,7,17.5,3,12.57,17.5,66.5,52.5,1.33605,1,6,20,32.95,0.59,4.72,1.2,0.95,21,26
3,Small,19,7,4.0,7,9.295,4.0,15.2,12.0,1.33605,1,6,7,10.64,0.51,4.69,1.2,0.832,19,23
2,Small,18,9,4.0,7,11.354,4.0,15.2,12.0,5.4774,2,8,17,13.65,2.86,4.79,1.15,0.975,20,22
3,Small,18,7,4.0,3,11.132,4.0,15.2,12.0,2.426175,3,6,17,40.43,3.15,4.7,1.09,0.992,21,23
3,SUV,17,10,13.5,3,9.139,13.5,51.3,40.5,3.42945,2,3,9,27.5,2.0,4.75,1.07,0.982,21,23
5,Sedan,17,8,6.0,3,7.643,6.0,22.8,18.0,0.685125,2,17,23,40.13,2.31,4.66,0.91,0.989,20,25
2,Small,20,10,4.0,7,11.671,4.0,15.2,12.0,18.696825,2,20,23,31.69,2.87,4.63,0.97,0.989,23,26
5,Small,16,11,4.0,11,7.642,4.0,15.2,12.0,13.009950000000002,2,16,23,36.24,3.49,4.77,1.07,0.992,19,23
2,SUV,18,11,13.5,11,2.939,13.5,51.3,40.5,0.685125,3,10,17,18.2,2.83,4.75,1.08,0.981,19,22
4,Truck,18,6,17.5,3,1.153,17.5,66.5,52.5,1.33605,1,3,5,35.09,3.36,4.61,1.21,0.992,19,22
3,Small,20,7,4.0,11,4.96,4.0,15.2,12.0,13.009950000000002,2,3,6,16.14,3.49,4.65,1.04,0.982,21,24
2,Sedan,17,10,7.0,7,16.143,6.0,22.8,17.0,3.42945,3,4,9,39.99,0.65,4.76,0.97,0.962,23,25
1,SUV,17,6,13.5,3,9.495,13.5,51.3,40.5,2.426175,3,17,23,35.88,3.52,4.64,0.95,0.992,21,26
1,Sedan,19,7,6.0,11,4.371,6.0,22.8,18.0,13.009950000000002,1,3,6,34.21,2.99,4.72,1.07,0.99,19,22
1,Small,18,8,4.0,7,6.071,4.0,15.2,12.0,3.42945,1,6,7,34.68,1.73,4.66,1.19,0.983,21,24
5,Small,17,6,4.0,7,5.846,4.0,15.2,12.0,19.434825,2,5,16,15.23,1.76,4.75,1.15,0.963,21,23
5,Small,17,6,4.0,7,11.164,4.0,15.2,12.0,13.009950000000002,3,5,16,11.34,3.33,4.78,1.01,0.974,20,22
1,Small,19,6,5.0,11,13.434,4.0,15.2,11.0,1.33605,1,5,18,34.08,0.65,4.79,0.98,0.956,21,25
3,Small,20,7,6.0,3,15.515,4.0,15.2,10.0,5.4774,3,6,19,34.49,2.87,4.6,1.09,0.99,20,22
2,Truck,18,8,17.5,3,12.43,17.5,66.5,52.5,13.009950000000002,1,18,23,44.76,3.18,4.79,1.06,0.993,23,28
4,Sedan,20,9,6.0,11,12.054,6.0,22.8,18.0,19.434825,3,8,19,46.44,0.99,4.72,1.23,0.978,22,24
3,Sedan,20,11,6.0,3,9.219,6.0,22.8,18.0,19.434825,1,2,10,28.51,1.4,4.64,1.14,0.975,23,25
1,Truck,19,8,17.5,11,13.972,17.5,66.5,52.5,5.4774,2,7,18,41.77,3.02,4.61,1.04,0.992,22,27
1,Small,22,8,4.0,7,9.652,4.0,15.2,12.0,13.009950000000002,2,7,21,21.49,2.49,4.65,1.17,0.981,22,26
5,Small,21,10,6.0,11,15.946,4.0,15.2,10.0,19.434825,2,2,9,23.71,2.29,4.74,1.1,0.982,19,22
2,Sedan,18,8,6.0,3,10.107,6.0,22.8,18.0,18.696825,1,18,23,26.09,2.31,4.71,1.07,0.984,21,25
2,Sedan,16,9,6.0,11,7.689,6.0,22.8,18.0,3.42945,1,3,8,15.36,1.45,4.77,1.21,0.956,22,26
1,SUV,18,11,13.5,11,11.723,13.5,51.3,40.5,18.696825,3,9,12,28.64,2.95,4.7,0.97,0.988,21,24
2,Sedan,18,6,6.0,7,8.586,6.0,22.8,18.0,19.434825,1,5,6,26.29,1.39,4.7,1.23,0.973,23,25
2,Truck,18,9,17.5,7,14.348,17.5,66.5,52.5,2.426175,1,18,23,39.5,1.38,4.79,1.12,0.982,19,22
1,Sedan,19,6,6.0,7,12.913,6.0,22.8,18.0,2.426175,3,3,6,48.49,2.41,4.61,0.93,0.991,22,24
5,SUV,21,8,13.5,11,13.616,13.5,51.3,40.5,1.33605,2,7,20,24.32,2.76,4.79,1.02,0.985,23,27
